Workbook

Sheet 2.5세대
A1: Major | B1: 1 | C1: 2 | D1: 3 | E1: 4 | F1: 5 | G1: 6 | H1: 7 | I1: b2 | J1: b3 | K1: 2M | L1: 3M | M1: 4m | N1: 5m | O1: 6M | P1: b6 | Q1: b7 | R1: Minor | S1: 1 | T1: 2 | U1: 3 | V1: 4 | W1: 5 | X1: 6 | Y1: 7 | Z1: b2 | AA1: 4M | AB1: 5M | AC1: 1M
A2: C | B2: C | C2: Dm | D2: Em | E2: F | F2: G | G2: Am | H2: B | I2: Db | J2: Eb | K2: D | L2: E | M2: Fm | N2: Gm | O2: A | P2: Ab | Q2: Bb | R2: Am | S2: Am | T2: B | U2: C | V2: Dm | W2: Em | X2: F | Y2: G | Z2: Bb | AA2: D | AB2: E | AC2: A
A3: Db | B3: Db | C3: Ebm | D3: Fm | E3: Gb | F3: Ab | G3: Bbm | H3: C | I3: D | J3: Eb | K3: Eb | L3: F | M3: Gbm | N3: Abm | O3: Bb | P3: A | Q3: B | R3: Bbm | S3: Bbm | T3: C | U3: Db | V3: Ebm | W3: Fm | X3: Gb | Y3: Ab | Z3: B | AA3: Eb | AB3: F | AC3: Bb
A4: D | B4: D | C4: Em | D4: F#m | E4: G | F4: A | G4: Bm | H4: C# | I4: Eb | J4: F | K4: E | L4: F# | M4: Gm | N4: Am | O4: B | P4: Bb | Q4: C | R4: Bm | S4: Bm | T4: C# | U4: D | V4: Em | W4: F#m | X4: G | Y4: A | Z4: C | AA4: E | AB4: F# | AC4: B
A5: Eb | B5: Eb | C5: Fm | D5: Gm | E5: Ab | F5: Bb | G5: Cm | H5: D | I5: E | J5: Gb | K5: F | L5: G | M5: Abm | N5: Bbm | O5: C | P5: Cb | Q5: Db | R5: Cm | S5: Cm | T5: D | U5: Eb | V5: Fm | W5: Gm | X5: Ab | Y5: Bb | Z5: Db | AA5: F | AB5: G | AC5: C
A6: E | B6: E | C6: F#m | D6: G#m | E6: A | F6: B | G6: C#m | H6: D# | I6: F | J6: G | K6: F# | L6: G# | M6: Am | N6: Bm | O6: C# | P6: C | Q6: D | R6: C#m | S6: C#m | T6: D# | U6: E | V6: F#m | W6: G#m | X6: A | Y6: B | Z6: D | AA6: F# | AB6: G# | AC6: C#
A7: F | B7: F | C7: Gm | D7: Am | E7: Bb | F7: C | G7: Dm | H7: E | I7: Gb | J7: Ab | K7: G | L7: A | M7: Bbm | N7: Cm | O7: D | P7: Db | Q7: Eb | R7: Dm | S7: Dm | T7: E | U7: F | V7: Gm | W7: Am | X7: Bb | Y7: C | Z7: Eb | AA7: G | AB7: A | AC7: D
A8: Gb | B8: Gb | C8: Abm | D8: Bbm | E8: Cb | F8: Db | G8: Ebm | H8: F | I8: G | J8: A | K8: Ab | L8: Bb | M8: Cbm | N8: Dbm | O8: Eb | P8: D | Q8: E | R8: Ebm | S8: Ebm | T8: F | U8: Gb | V8: Abm | W8: Bbm | X8: Cb | Y8: Db | Z8: E | AA8: G# | AB8: A# | AC8: D#
A9: G | B9: G | C9: Am | D9: Bm | E9: C | F9: D | G9: Em | H9: F# | I9: Ab | J9: Eb | K9: A | L9: B | M9: Cm | N9: Dm | O9: E | P9: Eb | Q9: F | R9: Em | S9: Em | T9: F# | U9: G | V9: Am | W9: Bm | X9: C | Y9: D | Z9: F | AA9: A | AB9: B | AC9: E
A10: Ab | B10: Ab | C10: Bbm | D10: Cm | E10: Db | F10: Eb | G10: Fm | H10: G | I10: A | J10: B | K10: Bb | L10: C | M10: Dbm | N10: Ebm | O10: F | P10: E | Q10: Gb | R10: Fm | S10: Fm | T10: G | U10: Ab | V10: Bbm | W10: Cm | X10: Db | Y10: Eb | Z10: Gb | AA10: Bb | AB10: C | AC10: F
A11: A | B11: A | C11: Bm | D11: C#m | E11: D | F11: E | G11: F#m | H11: G# | I11: Bb | J11: C | K11: B | L11: C# | M11: Dm | N11: Em | O11: F# | P11: F | Q11: G | R11: F#m | S11: F#m | T11: G# | U11: A | V11: Bm | W11: C#m | X11: D | Y11: B | Z11: G | AA11: B | AB11: C# | AC11: F#
A12: Bb | B12: Bb | C12: Cm | D12: Dm | E12: Eb | F12: F | G12: Gm | H12: A | I12: Cb | J12: Db | K12: C | L12: D | M12: Ebm | N12: Fm | O12: G | P12: Gb | Q12: Ab | R12: Gm | S12: Gm | T12: A | U12: Bb | V12: Cm | W12: Dm | X12: Eb | Y12: F | Z12: Ab | AA12: C | AB12: D | AC12: G
A13: B | B13: B | C13: C#m | D13: D#m | E13: E | F13: F# | G13: G#m | H13: A# | I13: Cb | J13: D | K13: C# | L13: D# | M13: Em | N13: F#m | O13: G# | P13: G | Q13: A | R13: G#m | S13: G#m | T13: A# | U13: B | V13: C#m | W13: D#m | X13: E | Y13: F# | Z13: A | AA13: C# | AB13: D# | AC13: G#
A16: 에이핑크 | B16: Mr.Chu (3:25) | C16: intro | K16: verse | S16: pre-chorus | AA16: chorus (키업) | AI16: bridge | AQ16: chorus3 (키업) | AY16: outro
B17: G | C17: A | D17: A | E17: Abm | F17: Dbm | G17: D | H17: D | I17: A | J17: A | K17: A | L17: Abm | M17: A | N17: Abm | O17: A | P17: Abm | Q17: D | R17: Bm | S17: A | T17: Abm | U17: A | V17: Abm | W17: A | X17: Abm | Y17: D | Z17: B | AA17: G | AB17: Bm | AC17: Em | AD17: Dm | AE17: C | AF17: Bm | AG17: Am | AH17: D | AI17: E | AJ17: B | AK17: A | AL17: Bm | AM17: A | AN17: Abm | AO17: F#m | AP17: B | AQ17: G | AR17: Bm | AS17: Em | AT17: Dm | AU17: C | AV17: Bm | AW17: Am | AX17: D | AY17: C | AZ17: Bm | BA17: C | BB17: D | BC17: C | BD17: Bm | BE17: C | BF17: D
B18: 120 | C18: =IFERROR(INDEX('3세대 걸그룹'!$B$1:$Q$1, MATCH(C17, INDEX('3세대 걸그룹'!$B$2:$Q$13, MATCH($B17, '3세대 걸그룹'!$A$2:$A$13, 0), 0), 0)), IFERROR(INDEX('3세대 걸그룹'!$S$1:$AC$1, MATCH(C17, INDEX('3세대 걸그룹'!$S$2:$AC$13, MATCH($B17, '3세대 걸그룹'!$R$2:$R$13, 0), 0), 0)), "")) -> 2M | D18: =IFERROR(INDEX('3세대 걸그룹'!$B$1:$Q$1, MATCH(D17, INDEX('3세대 걸그룹'!$B$2:$Q$13, MATCH($B17, '3세대 걸그룹'!$A$2:$A$13, 0), 0), 0)), IFERROR(INDEX('3세대 걸그룹'!$S$1:$AC$1, MATCH(D17, INDEX('3세대 걸그룹'!$S$2:$AC$13, MATCH($B17, '3세대 걸그룹'!$R$2:$R$13, 0), 0), 0)), "")) -> 2M | E18: =IFERROR(INDEX('3세대 걸그룹'!$B$1:$Q$1, MATCH(E17, INDEX('3세대 걸그룹'!$B$2:$Q$13, MATCH($B17, '3세대 걸그룹'!$A$2:$A$13, 0), 0), 0)), IFERROR(INDEX('3세대 걸그룹'!$S$1:$AC$1, MATCH(E17, INDEX('3세대 걸그룹'!$S$2:$AC$13, MATCH($B17, '3세대 걸그룹'!$R$2:$R$13, 0), 0), 0)), "")) | F18: =IFERROR(INDEX('3세대 걸그룹'!$B$1:$Q$1, MATCH(F17, INDEX('3세대 걸그룹'!$B$2:$Q$13, MATCH($B17, '3세대 걸그룹'!$A$2:$A$13, 0), 0), 0)), IFERROR(INDEX('3세대 걸그룹'!$S$1:$AC$1, MATCH(F17, INDEX('3세대 걸그룹'!$S$2:$AC$13, MATCH($B17, '3세대 걸그룹'!$R$2:$R$13, 0), 0), 0)), "")) | G18: =IFERROR(INDEX('3세대 걸그룹'!$B$1:$Q$1, MATCH(G17, INDEX('3세대 걸그룹'!$B$2:$Q$13, MATCH($B17, '3세대 걸그룹'!$A$2:$A$13, 0), 0), 0)), IFERROR(INDEX('3세대 걸그룹'!$S$1:$AC$1, MATCH(G17, INDEX('3세대 걸그룹'!$S$2:$AC$13, MATCH($B17, '3세대 걸그룹'!$R$2:$R$13, 0), 0), 0)), "")) -> 5 | H18: =IFERROR(INDEX('3세대 걸그룹'!$B$1:$Q$1, MATCH(H17, INDEX('3세대 걸그룹'!$B$2:$Q$13, MATCH($B17, '3세대 걸그룹'!$A$2:$A$13, 0), 0), 0)), IFERROR(INDEX('3세대 걸그룹'!$S$1:$AC$1, MATCH(H17, INDEX('3세대 걸그룹'!$S$2:$AC$13, MATCH($B17, '3세대 걸그룹'!$R$2:$R$13, 0), 0), 0)), "")) -> 5 | I18: =IFERROR(INDEX('3세대 걸그룹'!$B$1:$Q$1, MATCH(I17, INDEX('3세대 걸그룹'!$B$2:$Q$13, MATCH($B17, '3세대 걸그룹'!$A$2:$A$13, 0), 0), 0)), IFERROR(INDEX('3세대 걸그룹'!$S$1:$AC$1, MATCH(I17, INDEX('3세대 걸그룹'!$S$2:$AC$13, MATCH($B17, '3세대 걸그룹'!$R$2:$R$13, 0), 0), 0)), "")) -> 2M | J18: =IFERROR(INDEX('3세대 걸그룹'!$B$1:$Q$1, MATCH(J17, INDEX('3세대 걸그룹'!$B$2:$Q$13, MATCH($B17, '3세대 걸그룹'!$A$2:$A$13, 0), 0), 0)), IFERROR(INDEX('3세대 걸그룹'!$S$1:$AC$1, MATCH(J17, INDEX('3세대 걸그룹'!$S$2:$AC$13, MATCH($B17, '3세대 걸그룹'!$R$2:$R$13, 0), 0), 0)), "")) -> 2M | ... BF18: =IFERROR(INDEX('3세대 걸그룹'!$B$1:$Q$1, MATCH(BF17, INDEX('3세대 걸그룹'!$B$2:$Q$13, MATCH($B17, '3세대 걸그룹'!$A$2:$A$13, 0), 0), 0)), IFERROR(INDEX('3세대 걸그룹'!$S$1:$AC$1, MATCH(BF17, INDEX('3세대 걸그룹'!$S$2:$AC$13, MATCH($B17, '3세대 걸그룹'!$R$2:$R$13, 0), 0), 0)), "")) -> 5
B19: 20140331 | C19: {=_xlfn.SWITCH(C18&"","1","T","3","T","6","T","b3","T","6M","T","1M","T","2","S","4","S","b6","S","b2","S","2M","S","4m","S","4M","S","5","D","7","D","b7","D","3M","D","5m","D","5M","D","") & _xlfn.SWITCH(D18&"","1","T","3","T","6","T","b3","T","6M","T","1M","T","2","S","4","S","b6","S","b2","S","2M","S","4m","S","4M","S","5","D","7","D","b7","D","3M","D","5m","D","5M","D","") & _xlfn.SWITCH(E18&"","1","T","3","T","6","T","b3","T","6M","T","1M","T","2","S","4","S","b6","S","b2","S","2M","S","4m","S","4M","S","5","D","7","D","b7","D","3M","D","5m","D","5M","D","") & _xlfn.SWITCH(F18&"","1","T","3","T","6","T","b3","T","6M","T","1M","T","2","S","4","S","b6","S","b2","S","2M","S","4m","S","4M","S","5","D","7","D","b7","D","3M","D","5m","D","5M","D","") & " " & _xlfn.SWITCH(G18&"","1","T","3","T","6","T","b3","T","6M","T","1M","T","2","S","4","S","b6","S","b2","S","2M","S","4m","S","4M","S","5","D","7","D","b7","D","3M","D","5m","D","5M","D","") & _xlfn.SWITCH(H18&"","1","T","3","T","6","T","b3","T","6M","T","1M","T","2","S","4","S","b6","S","b2","S","2M","S","4m","S","4M","S","5","D","7","D","b7","D","3M","D","5m","D","5M","D","") & _xlfn.SWITCH(I18&"","1","T","3","T","6","T","b3","T","6M","T","1M","T","2","S","4","S","b6","S","b2","S","2M","S","4m","S","4M","S","5","D","7","D","b7","D","3M","D","5m","D","5M","D","") & _xlfn.SWITCH(J18&"","1","T","3","T","6","T","b3","T","6M","T","1M","T","2","S","4","S","b6","S","b2","S","2M","S","4m","S","4M","S","5","D","7","D","b7","D","3M","D","5m","D","5M","D","")} -> SS DDSS | K19: {=_xlfn.SWITCH(K18&"","1","T","3","T","6","T","b3","T","6M","T","1M","T","2","S","4","S","b6","S","b2","S","2M","S","4m","S","4M","S","5","D","7","D","b7","D","3M","D","5m","D","5M","D","") & _xlfn.SWITCH(L18&"","1","T","3","T","6","T","b3","T","6M","T","1M","T","2","S","4","S","b6","S","b2","S","2M","S","4m","S","4M","S","5","D","7","D","b7","D","3M","D","5m","D","5M","D","") & _xlfn.SWITCH(M18&"","1","T","3","T","6","T","b3","T","6M","T","1M","T","2","S","4","S","b6","S","b2","S","2M","S","4m","S","4M","S","5","D","7","D","b7","D","3M","D","5m","D","5M","D","") & _xlfn.SWITCH(N18&"","1","T","3","T","6","T","b3","T","6M","T","1M","T","2","S","4","S","b6","S","b2","S","2M","S","4m","S","4M","S","5","D","7","D","b7","D","3M","D","5m","D","5M","D","") & " " & _xlfn.SWITCH(O18&"","1","T","3","T","6","T","b3","T","6M","T","1M","T","2","S","4","S","b6","S","b2","S","2M","S","4m","S","4M","S","5","D","7","D","b7","D","3M","D","5m","D","5M","D","") & _xlfn.SWITCH(P18&"","1","T","3","T","6","T","b3","T","6M","T","1M","T","2","S","4","S","b6","S","b2","S","2M","S","4m","S","4M","S","5","D","7","D","b7","D","3M","D","5m","D","5M","D","") & _xlfn.SWITCH(Q18&"","1","T","3","T","6","T","b3","T","6M","T","1M","T","2","S","4","S","b6","S","b2","S","2M","S","4m","S","4M","S","5","D","7","D","b7","D","3M","D","5m","D","5M","D","") & _xlfn.SWITCH(R18&"","1","T","3","T","6","T","b3","T","6M","T","1M","T","2","S","4","S","b6","S","b2","S","2M","S","4m","S","4M","S","5","D","7","D","b7","D","3M","D","5m","D","5M","D","")} -> SS SDT | S19: {=_xlfn.SWITCH(S18&"","1","T","3","T","6","T","b3","T","6M","T","1M","T","2","S","4","S","b6","S","b2","S","2M","S","4m","S","4M","S","5","D","7","D","b7","D","3M","D","5m","D","5M","D","") & _xlfn.SWITCH(T18&"","1","T","3","T","6","T","b3","T","6M","T","1M","T","2","S","4","S","b6","S","b2","S","2M","S","4m","S","4M","S","5","D","7","D","b7","D","3M","D","5m","D","5M","D","") & _xlfn.SWITCH(U18&"","1","T","3","T","6","T","b3","T","6M","T","1M","T","2","S","4","S","b6","S","b2","S","2M","S","4m","S","4M","S","5","D","7","D","b7","D","3M","D","5m","D","5M","D","") & _xlfn.SWITCH(V18&"","1","T","3","T","6","T","b3","T","6M","T","1M","T","2","S","4","S","b6","S","b2","S","2M","S","4m","S","4M","S","5","D","7","D","b7","D","3M","D","5m","D","5M","D","") & " " & _xlfn.SWITCH(W18&"","1","T","3","T","6","T","b3","T","6M","T","1M","T","2","S","4","S","b6","S","b2","S","2M","S","4m","S","4M","S","5","D","7","D","b7","D","3M","D","5m","D","5M","D","") & _xlfn.SWITCH(X18&"","1","T","3","T","6","T","b3","T","6M","T","1M","T","2","S","4","S","b6","S","b2","S","2M","S","4m","S","4M","S","5","D","7","D","b7","D","3M","D","5m","D","5M","D","") & _xlfn.SWITCH(Y18&"","1","T","3","T","6","T","b3","T","6M","T","1M","T","2","S","4","S","b6","S","b2","S","2M","S","4m","S","4M","S","5","D","7","D","b7","D","3M","D","5m","D","5M","D","") & _xlfn.SWITCH(Z18&"","1","T","3","T","6","T","b3","T","6M","T","1M","T","2","S","4","S","b6","S","b2","S","2M","S","4m","S","4M","S","5","D","7","D","b7","D","3M","D","5m","D","5M","D","")} -> SS SDD | AA19: {=_xlfn.SWITCH(AA18&"","1","T","3","T","6","T","b3","T","6M","T","1M","T","2","S","4","S","b6","S","b2","S","2M","S","4m","S","4M","S","5","D","7","D","b7","D","3M","D","5m","D","5M","D","") & _xlfn.SWITCH(AB18&"","1","T","3","T","6","T","b3","T","6M","T","1M","T","2","S","4","S","b6","S","b2","S","2M","S","4m","S","4M","S","5","D","7","D","b7","D","3M","D","5m","D","5M","D","") & _xlfn.SWITCH(AC18&"","1","T","3","T","6","T","b3","T","6M","T","1M","T","2","S","4","S","b6","S","b2","S","2M","S","4m","S","4M","S","5","D","7","D","b7","D","3M","D","5m","D","5M","D","") & _xlfn.SWITCH(AD18&"","1","T","3","T","6","T","b3","T","6M","T","1M","T","2","S","4","S","b6","S","b2","S","2M","S","4m","S","4M","S","5","D","7","D","b7","D","3M","D","5m","D","5M","D","") & " " & _xlfn.SWITCH(AE18&"","1","T","3","T","6","T","b3","T","6M","T","1M","T","2","S","4","S","b6","S","b2","S","2M","S","4m","S","4M","S","5","D","7","D","b7","D","3M","D","5m","D","5M","D","") & _xlfn.SWITCH(AF18&"","1","T","3","T","6","T","b3","T","6M","T","1M","T","2","S","4","S","b6","S","b2","S","2M","S","4m","S","4M","S","5","D","7","D","b7","D","3M","D","5m","D","5M","D","") & _xlfn.SWITCH(AG18&"","1","T","3","T","6","T","b3","T","6M","T","1M","T","2","S","4","S","b6","S","b2","S","2M","S","4m","S","4M","S","5","D","7","D","b7","D","3M","D","5m","D","5M","D","") & _xlfn.SWITCH(AH18&"","1","T","3","T","6","T","b3","T","6M","T","1M","T","2","S","4","S","b6","S","b2","S","2M","S","4m","S","4M","S","5","D","7","D","b7","D","3M","D","5m","D","5M","D","")} -> TTTD STSD | AI19: {=_xlfn.SWITCH(AI18&"","1","T","3","T","6","T","b3","T","6M","T","1M","T","2","S","4","S","b6","S","b2","S","2M","S","4m","S","4M","S","5","D","7","D","b7","D","3M","D","5m","D","5M","D","") & _xlfn.SWITCH(AJ18&"","1","T","3","T","6","T","b3","T","6M","T","1M","T","2","S","4","S","b6","S","b2","S","2M","S","4m","S","4M","S","5","D","7","D","b7","D","3M","D","5m","D","5M","D","") & _xlfn.SWITCH(AK18&"","1","T","3","T","6","T","b3","T","6M","T","1M","T","2","S","4","S","b6","S","b2","S","2M","S","4m","S","4M","S","5","D","7","D","b7","D","3M","D","5m","D","5M","D","") & _xlfn.SWITCH(AL18&"","1","T","3","T","6","T","b3","T","6M","T","1M","T","2","S","4","S","b6","S","b2","S","2M","S","4m","S","4M","S","5","D","7","D","b7","D","3M","D","5m","D","5M","D","") & " " & _xlfn.SWITCH(AM18&"","1","T","3","T","6","T","b3","T","6M","T","1M","T","2","S","4","S","b6","S","b2","S","2M","S","4m","S","4M","S","5","D","7","D","b7","D","3M","D","5m","D","5M","D","") & _xlfn.SWITCH(AN18&"","1","T","3","T","6","T","b3","T","6M","T","1M","T","2","S","4","S","b6","S","b2","S","2M","S","4m","S","4M","S","5","D","7","D","b7","D","3M","D","5m","D","5M","D","") & _xlfn.SWITCH(AO18&"","1","T","3","T","6","T","b3","T","6M","T","1M","T","2","S","4","S","b6","S","b2","S","2M","S","4m","S","4M","S","5","D","7","D","b7","D","3M","D","5m","D","5M","D","") & _xlfn.SWITCH(AP18&"","1","T","3","T","6","T","b3","T","6M","T","1M","T","2","S","4","S","b6","S","b2","S","2M","S","4m","S","4M","S","5","D","7","D","b7","D","3M","D","5m","D","5M","D","")} -> TDST SD | AQ19: {=_xlfn.SWITCH(AQ18&"","1","T","3","T","6","T","b3","T","6M","T","1M","T","2","S","4","S","b6","S","b2","S","2M","S","4m","S","4M","S","5","D","7","D","b7","D","3M","D","5m","D","5M","D","") & _xlfn.SWITCH(AR18&"","1","T","3","T","6","T","b3","T","6M","T","1M","T","2","S","4","S","b6","S","b2","S","2M","S","4m","S","4M","S","5","D","7","D","b7","D","3M","D","5m","D","5M","D","") & _xlfn.SWITCH(AS18&"","1","T","3","T","6","T","b3","T","6M","T","1M","T","2","S","4","S","b6","S","b2","S","2M","S","4m","S","4M","S","5","D","7","D","b7","D","3M","D","5m","D","5M","D","") & _xlfn.SWITCH(AT18&"","1","T","3","T","6","T","b3","T","6M","T","1M","T","2","S","4","S","b6","S","b2","S","2M","S","4m","S","4M","S","5","D","7","D","b7","D","3M","D","5m","D","5M","D","") & " " & _xlfn.SWITCH(AU18&"","1","T","3","T","6","T","b3","T","6M","T","1M","T","2","S","4","S","b6","S","b2","S","2M","S","4m","S","4M","S","5","D","7","D","b7","D","3M","D","5m","D","5M","D","") & _xlfn.SWITCH(AV18&"","1","T","3","T","6","T","b3","T","6M","T","1M","T","2","S","4","S","b6","S","b2","S","2M","S","4m","S","4M","S","5","D","7","D","b7","D","3M","D","5m","D","5M","D","") & _xlfn.SWITCH(AW18&"","1","T","3","T","6","T","b3","T","6M","T","1M","T","2","S","4","S","b6","S","b2","S","2M","S","4m","S","4M","S","5","D","7","D","b7","D","3M","D","5m","D","5M","D","") & _xlfn.SWITCH(AX18&"","1","T","3","T","6","T","b3","T","6M","T","1M","T","2","S","4","S","b6","S","b2","S","2M","S","4m","S","4M","S","5","D","7","D","b7","D","3M","D","5m","D","5M","D","")} -> TTTD STSD | AY19: {=_xlfn.SWITCH(AY18&"","1","T","3","T","6","T","b3","T","6M","T","1M","T","2","S","4","S","b6","S","b2","S","2M","S","4m","S","4M","S","5","D","7","D","b7","D","3M","D","5m","D","5M","D","") & _xlfn.SWITCH(AZ18&"","1","T","3","T","6","T","b3","T","6M","T","1M","T","2","S","4","S","b6","S","b2","S","2M","S","4m","S","4M","S","5","D","7","D","b7","D","3M","D","5m","D","5M","D","") & _xlfn.SWITCH(BA18&"","1","T","3","T","6","T","b3","T","6M","T","1M","T","2","S","4","S","b6","S","b2","S","2M","S","4m","S","4M","S","5","D","7","D","b7","D","3M","D","5m","D","5M","D","") & _xlfn.SWITCH(BB18&"","1","T","3","T","6","T","b3","T","6M","T","1M","T","2","S","4","S","b6","S","b2","S","2M","S","4m","S","4M","S","5","D","7","D","b7","D","3M","D","5m","D","5M","D","") & " " & _xlfn.SWITCH(BC18&"","1","T","3","T","6","T","b3","T","6M","T","1M","T","2","S","4","S","b6","S","b2","S","2M","S","4m","S","4M","S","5","D","7","D","b7","D","3M","D","5m","D","5M","D","") & _xlfn.SWITCH(BD18&"","1","T","3","T","6","T","b3","T","6M","T","1M","T","2","S","4","S","b6","S","b2","S","2M","S","4m","S","4M","S","5","D","7","D","b7","D","3M","D","5m","D","5M","D","") & _xlfn.SWITCH(BE18&"","1","T","3","T","6","T","b3","T","6M","T","1M","T","2","S","4","S","b6","S","b2","S","2M","S","4m","S","4M","S","5","D","7","D","b7","D","3M","D","5m","D","5M","D","") & _xlfn.SWITCH(BF18&"","1","T","3","T","6","T","b3","T","6M","T","1M","T","2","S","4","S","b6","S","b2","S","2M","S","4m","S","4M","S","5","D","7","D","b7","D","3M","D","5m","D","5M","D","")} -> STSD STSD
B20: NoNoNo (3:40) | C20: intro | K20: verse | S20: pre-chorus | AA20: chorus-part1 | AI20: chorus-part2 | AQ20: post-chorus1 | AY20: bridge | BG20: chorus3-part1 | BO20: chorus3-part2 | BW20: outro
B21: Em | C21: C | D21: D | E21: Bm | F21: Em | G21: Am | H21: D | I21: Bm | J21: Em | K21: E | L21: B | M21: A | N21: Am | O21: E | P21: F# | Q21: A | R21: B | S21: A | T21: B | U21: G#m | V21: c#m | W21: A | X21: B | Y21: Bm | Z21: E | AA21: C | AB21: D | AC21: Bm | AD21: Em | AE21: C | AF21: D | AG21: Bm | AH21: Em | AI21: Am | AJ21: D | AK21: Bm | AL21: Em | AM21: Am | AN21: Am | AO21: C | AP21: C | AQ21: Em | AR21: Em | AS21: C | AT21: D | AU21: Em | AV21: Em | AW21: C | AX21: D | AY21: C | AZ21: D | BA21: B | BB21: E | BC21: Am | BD21: C | BE21: F | BF21: D | BG21: C | BH21: D | BI21: Bm | BJ21: Em | BK21: C | BL21: D | BM21: Bm | BN21: Em | BO21: Am | BP21: D | BQ21: Bm | BR21: Em | BS21: Am | BT21: Am | BU21: C | BV21: C | BW21: Em | BX21: Em | BY21: C | BZ21: D | CA21: Em | CB21: Em | CC21: C | CD21: D
B22: 106 | C22: =IFERROR(INDEX('3세대 걸그룹'!$B$1:$Q$1, MATCH(C21, INDEX('3세대 걸그룹'!$B$2:$Q$13, MATCH($B21, '3세대 걸그룹'!$A$2:$A$13, 0), 0), 0)), IFERROR(INDEX('3세대 걸그룹'!$S$1:$AC$1, MATCH(C21, INDEX('3세대 걸그룹'!$S$2:$AC$13, MATCH($B21, '3세대 걸그룹'!$R$2:$R$13, 0), 0), 0)), "")) -> 6 | D22: =IFERROR(INDEX('3세대 걸그룹'!$B$1:$Q$1, MATCH(D21, INDEX('3세대 걸그룹'!$B$2:$Q$13, MATCH($B21, '3세대 걸그룹'!$A$2:$A$13, 0), 0), 0)), IFERROR(INDEX('3세대 걸그룹'!$S$1:$AC$1, MATCH(D21, INDEX('3세대 걸그룹'!$S$2:$AC$13, MATCH($B21, '3세대 걸그룹'!$R$2:$R$13, 0), 0), 0)), "")) -> 7 | E22: =IFERROR(INDEX('3세대 걸그룹'!$B$1:$Q$1, MATCH(E21, INDEX('3세대 걸그룹'!$B$2:$Q$13, MATCH($B21, '3세대 걸그룹'!$A$2:$A$13, 0), 0), 0)), IFERROR(INDEX('3세대 걸그룹'!$S$1:$AC$1, MATCH(E21, INDEX('3세대 걸그룹'!$S$2:$AC$13, MATCH($B21, '3세대 걸그룹'!$R$2:$R$13, 0), 0), 0)), "")) -> 5 | F22: =IFERROR(INDEX('3세대 걸그룹'!$B$1:$Q$1, MATCH(F21, INDEX('3세대 걸그룹'!$B$2:$Q$13, MATCH($B21, '3세대 걸그룹'!$A$2:$A$13, 0), 0), 0)), IFERROR(INDEX('3세대 걸그룹'!$S$1:$AC$1, MATCH(F21, INDEX('3세대 걸그룹'!$S$2:$AC$13, MATCH($B21, '3세대 걸그룹'!$R$2:$R$13, 0), 0), 0)), "")) -> 1 | G22: =IFERROR(INDEX('3세대 걸그룹'!$B$1:$Q$1, MATCH(G21, INDEX('3세대 걸그룹'!$B$2:$Q$13, MATCH($B21, '3세대 걸그룹'!$A$2:$A$13, 0), 0), 0)), IFERROR(INDEX('3세대 걸그룹'!$S$1:$AC$1, MATCH(G21, INDEX('3세대 걸그룹'!$S$2:$AC$13, MATCH($B21, '3세대 걸그룹'!$R$2:$R$13, 0), 0), 0)), "")) -> 4 | H22: =IFERROR(INDEX('3세대 걸그룹'!$B$1:$Q$1, MATCH(H21, INDEX('3세대 걸그룹'!$B$2:$Q$13, MATCH($B21, '3세대 걸그룹'!$A$2:$A$13, 0), 0), 0)), IFERROR(INDEX('3세대 걸그룹'!$S$1:$AC$1, MATCH(H21, INDEX('3세대 걸그룹'!$S$2:$AC$13, MATCH($B21, '3세대 걸그룹'!$R$2:$R$13, 0), 0), 0)), "")) -> 7 | I22: =IFERROR(INDEX('3세대 걸그룹'!$B$1:$Q$1, MATCH(I21, INDEX('3세대 걸그룹'!$B$2:$Q$13, MATCH($B21, '3세대 걸그룹'!$A$2:$A$13, 0), 0), 0)), IFERROR(INDEX('3세대 걸그룹'!$S$1:$AC$1, MATCH(I21, INDEX('3세대 걸그룹'!$S$2:$AC$13, MATCH($B21, '3세대 걸그룹'!$R$2:$R$13, 0), 0), 0)), "")) -> 5 | J22: =IFERROR(INDEX('3세대 걸그룹'!$B$1:$Q$1, MATCH(J21, INDEX('3세대 걸그룹'!$B$2:$Q$13, MATCH($B21, '3세대 걸그룹'!$A$2:$A$13, 0), 0), 0)), IFERROR(INDEX('3세대 걸그룹'!$S$1:$AC$1, MATCH(J21, INDEX('3세대 걸그룹'!$S$2:$AC$13, MATCH($B21, '3세대 걸그룹'!$R$2:$R$13, 0), 0), 0)), "")) -> 1 | ... CD22: =IFERROR(INDEX('3세대 걸그룹'!$B$1:$Q$1, MATCH(CD21, INDEX('3세대 걸그룹'!$B$2:$Q$13, MATCH($B21, '3세대 걸그룹'!$A$2:$A$13, 0), 0), 0)), IFERROR(INDEX('3세대 걸그룹'!$S$1:$AC$1, MATCH(CD21, INDEX('3세대 걸그룹'!$S$2:$AC$13, MATCH($B21, '3세대 걸그룹'!$R$2:$R$13, 0), 0), 0)), "")) -> 7
B23: 20130705 | C23: {=_xlfn.SWITCH(C22&"","1","T","3","T","6","T","b3","T","6M","T","1M","T","2","S","4","S","b6","S","b2","S","2M","S","4m","S","4M","S","5","D","7","D","b7","D","3M","D","5m","D","5M","D","") & _xlfn.SWITCH(D22&"","1","T","3","T","6","T","b3","T","6M","T","1M","T","2","S","4","S","b6","S","b2","S","2M","S","4m","S","4M","S","5","D","7","D","b7","D","3M","D","5m","D","5M","D","") & _xlfn.SWITCH(E22&"","1","T","3","T","6","T","b3","T","6M","T","1M","T","2","S","4","S","b6","S","b2","S","2M","S","4m","S","4M","S","5","D","7","D","b7","D","3M","D","5m","D","5M","D","") & _xlfn.SWITCH(F22&"","1","T","3","T","6","T","b3","T","6M","T","1M","T","2","S","4","S","b6","S","b2","S","2M","S","4m","S","4M","S","5","D","7","D","b7","D","3M","D","5m","D","5M","D","") & " " & _xlfn.SWITCH(G22&"","1","T","3","T","6","T","b3","T","6M","T","1M","T","2","S","4","S","b6","S","b2","S","2M","S","4m","S","4M","S","5","D","7","D","b7","D","3M","D","5m","D","5M","D","") & _xlfn.SWITCH(H22&"","1","T","3","T","6","T","b3","T","6M","T","1M","T","2","S","4","S","b6","S","b2","S","2M","S","4m","S","4M","S","5","D","7","D","b7","D","3M","D","5m","D","5M","D","") & _xlfn.SWITCH(I22&"","1","T","3","T","6","T","b3","T","6M","T","1M","T","2","S","4","S","b6","S","b2","S","2M","S","4m","S","4M","S","5","D","7","D","b7","D","3M","D","5m","D","5M","D","") & _xlfn.SWITCH(J22&"","1","T","3","T","6","T","b3","T","6M","T","1M","T","2","S","4","S","b6","S","b2","S","2M","S","4m","S","4M","S","5","D","7","D","b7","D","3M","D","5m","D","5M","D","")} -> TDDT SDDT | K23: {=_xlfn.SWITCH(K22&"","1","T","3","T","6","T","b3","T","6M","T","1M","T","2","S","4","S","b6","S","b2","S","2M","S","4m","S","4M","S","5","D","7","D","b7","D","3M","D","5m","D","5M","D","") & _xlfn.SWITCH(L22&"","1","T","3","T","6","T","b3","T","6M","T","1M","T","2","S","4","S","b6","S","b2","S","2M","S","4m","S","4M","S","5","D","7","D","b7","D","3M","D","5m","D","5M","D","") & _xlfn.SWITCH(M22&"","1","T","3","T","6","T","b3","T","6M","T","1M","T","2","S","4","S","b6","S","b2","S","2M","S","4m","S","4M","S","5","D","7","D","b7","D","3M","D","5m","D","5M","D","") & _xlfn.SWITCH(N22&"","1","T","3","T","6","T","b3","T","6M","T","1M","T","2","S","4","S","b6","S","b2","S","2M","S","4m","S","4M","S","5","D","7","D","b7","D","3M","D","5m","D","5M","D","") & " " & _xlfn.SWITCH(O22&"","1","T","3","T","6","T","b3","T","6M","T","1M","T","2","S","4","S","b6","S","b2","S","2M","S","4m","S","4M","S","5","D","7","D","b7","D","3M","D","5m","D","5M","D","") & _xlfn.SWITCH(P22&"","1","T","3","T","6","T","b3","T","6M","T","1M","T","2","S","4","S","b6","S","b2","S","2M","S","4m","S","4M","S","5","D","7","D","b7","D","3M","D","5m","D","5M","D","") & _xlfn.SWITCH(Q22&"","1","T","3","T","6","T","b3","T","6M","T","1M","T","2","S","4","S","b6","S","b2","S","2M","S","4m","S","4M","S","5","D","7","D","b7","D","3M","D","5m","D","5M","D","") & _xlfn.SWITCH(R22&"","1","T","3","T","6","T","b3","T","6M","T","1M","T","2","S","4","S","b6","S","b2","S","2M","S","4m","S","4M","S","5","D","7","D","b7","D","3M","D","5m","D","5M","D","")} -> TDSS TSSD | S23: {=_xlfn.SWITCH(S22&"","1","T","3","T","6","T","b3","T","6M","T","1M","T","2","S","4","S","b6","S","b2","S","2M","S","4m","S","4M","S","5","D","7","D","b7","D","3M","D","5m","D","5M","D","") & _xlfn.SWITCH(T22&"","1","T","3","T","6","T","b3","T","6M","T","1M","T","2","S","4","S","b6","S","b2","S","2M","S","4m","S","4M","S","5","D","7","D","b7","D","3M","D","5m","D","5M","D","") & _xlfn.SWITCH(U22&"","1","T","3","T","6","T","b3","T","6M","T","1M","T","2","S","4","S","b6","S","b2","S","2M","S","4m","S","4M","S","5","D","7","D","b7","D","3M","D","5m","D","5M","D","") & _xlfn.SWITCH(V22&"","1","T","3","T","6","T","b3","T","6M","T","1M","T","2","S","4","S","b6","S","b2","S","2M","S","4m","S","4M","S","5","D","7","D","b7","D","3M","D","5m","D","5M","D","") & " " & _xlfn.SWITCH(W22&"","1","T","3","T","6","T","b3","T","6M","T","1M","T","2","S","4","S","b6","S","b2","S","2M","S","4m","S","4M","S","5","D","7","D","b7","D","3M","D","5m","D","5M","D","") & _xlfn.SWITCH(X22&"","1","T","3","T","6","T","b3","T","6M","T","1M","T","2","S","4","S","b6","S","b2","S","2M","S","4m","S","4M","S","5","D","7","D","b7","D","3M","D","5m","D","5M","D","") & _xlfn.SWITCH(Y22&"","1","T","3","T","6","T","b3","T","6M","T","1M","T","2","S","4","S","b6","S","b2","S","2M","S","4m","S","4M","S","5","D","7","D","b7","D","3M","D","5m","D","5M","D","") & _xlfn.SWITCH(Z22&"","1","T","3","T","6","T","b3","T","6M","T","1M","T","2","S","4","S","b6","S","b2","S","2M","S","4m","S","4M","S","5","D","7","D","b7","D","3M","D","5m","D","5M","D","")} -> SD SDDT | AA23: {=_xlfn.SWITCH(AA22&"","1","T","3","T","6","T","b3","T","6M","T","1M","T","2","S","4","S","b6","S","b2","S","2M","S","4m","S","4M","S","5","D","7","D","b7","D","3M","D","5m","D","5M","D","") & _xlfn.SWITCH(AB22&"","1","T","3","T","6","T","b3","T","6M","T","1M","T","2","S","4","S","b6","S","b2","S","2M","S","4m","S","4M","S","5","D","7","D","b7","D","3M","D","5m","D","5M","D","") & _xlfn.SWITCH(AC22&"","1","T","3","T","6","T","b3","T","6M","T","1M","T","2","S","4","S","b6","S","b2","S","2M","S","4m","S","4M","S","5","D","7","D","b7","D","3M","D","5m","D","5M","D","") & _xlfn.SWITCH(AD22&"","1","T","3","T","6","T","b3","T","6M","T","1M","T","2","S","4","S","b6","S","b2","S","2M","S","4m","S","4M","S","5","D","7","D","b7","D","3M","D","5m","D","5M","D","") & " " & _xlfn.SWITCH(AE22&"","1","T","3","T","6","T","b3","T","6M","T","1M","T","2","S","4","S","b6","S","b2","S","2M","S","4m","S","4M","S","5","D","7","D","b7","D","3M","D","5m","D","5M","D","") & _xlfn.SWITCH(AF22&"","1","T","3","T","6","T","b3","T","6M","T","1M","T","2","S","4","S","b6","S","b2","S","2M","S","4m","S","4M","S","5","D","7","D","b7","D","3M","D","5m","D","5M","D","") & _xlfn.SWITCH(AG22&"","1","T","3","T","6","T","b3","T","6M","T","1M","T","2","S","4","S","b6","S","b2","S","2M","S","4m","S","4M","S","5","D","7","D","b7","D","3M","D","5m","D","5M","D","") & _xlfn.SWITCH(AH22&"","1","T","3","T","6","T","b3","T","6M","T","1M","T","2","S","4","S","b6","S","b2","S","2M","S","4m","S","4M","S","5","D","7","D","b7","D","3M","D","5m","D","5M","D","")} -> TDDT TDDT | AI23: {=_xlfn.SWITCH(AI22&"","1","T","3","T","6","T","b3","T","6M","T","1M","T","2","S","4","S","b6","S","b2","S","2M","S","4m","S","4M","S","5","D","7","D","b7","D","3M","D","5m","D","5M","D","") & _xlfn.SWITCH(AJ22&"","1","T","3","T","6","T","b3","T","6M","T","1M","T","2","S","4","S","b6","S","b2","S","2M","S","4m","S","4M","S","5","D","7","D","b7","D","3M","D","5m","D","5M","D","") & _xlfn.SWITCH(AK22&"","1","T","3","T","6","T","b3","T","6M","T","1M","T","2","S","4","S","b6","S","b2","S","2M","S","4m","S","4M","S","5","D","7","D","b7","D","3M","D","5m","D","5M","D","") & _xlfn.SWITCH(AL22&"","1","T","3","T","6","T","b3","T","6M","T","1M","T","2","S","4","S","b6","S","b2","S","2M","S","4m","S","4M","S","5","D","7","D","b7","D","3M","D","5m","D","5M","D","") & " " & _xlfn.SWITCH(AM22&"","1","T","3","T","6","T","b3","T","6M","T","1M","T","2","S","4","S","b6","S","b2","S","2M","S","4m","S","4M","S","5","D","7","D","b7","D","3M","D","5m","D","5M","D","") & _xlfn.SWITCH(AN22&"","1","T","3","T","6","T","b3","T","6M","T","1M","T","2","S","4","S","b6","S","b2","S","2M","S","4m","S","4M","S","5","D","7","D","b7","D","3M","D","5m","D","5M","D","") & _xlfn.SWITCH(AO22&"","1","T","3","T","6","T","b3","T","6M","T","1M","T","2","S","4","S","b6","S","b2","S","2M","S","4m","S","4M","S","5","D","7","D","b7","D","3M","D","5m","D","5M","D","") & _xlfn.SWITCH(AP22&"","1","T","3","T","6","T","b3","T","6M","T","1M","T","2","S","4","S","b6","S","b2","S","2M","S","4m","S","4M","S","5","D","7","D","b7","D","3M","D","5m","D","5M","D","")} -> SDDT SSTT | AQ23: {=_xlfn.SWITCH(AQ22&"","1","T","3","T","6","T","b3","T","6M","T","1M","T","2","S","4","S","b6","S","b2","S","2M","S","4m","S","4M","S","5","D","7","D","b7","D","3M","D","5m","D","5M","D","") & _xlfn.SWITCH(AR22&"","1","T","3","T","6","T","b3","T","6M","T","1M","T","2","S","4","S","b6","S","b2","S","2M","S","4m","S","4M","S","5","D","7","D","b7","D","3M","D","5m","D","5M","D","") & _xlfn.SWITCH(AS22&"","1","T","3","T","6","T","b3","T","6M","T","1M","T","2","S","4","S","b6","S","b2","S","2M","S","4m","S","4M","S","5","D","7","D","b7","D","3M","D","5m","D","5M","D","") & _xlfn.SWITCH(AT22&"","1","T","3","T","6","T","b3","T","6M","T","1M","T","2","S","4","S","b6","S","b2","S","2M","S","4m","S","4M","S","5","D","7","D","b7","D","3M","D","5m","D","5M","D","") & " " & _xlfn.SWITCH(AU22&"","1","T","3","T","6","T","b3","T","6M","T","1M","T","2","S","4","S","b6","S","b2","S","2M","S","4m","S","4M","S","5","D","7","D","b7","D","3M","D","5m","D","5M","D","") & _xlfn.SWITCH(AV22&"","1","T","3","T","6","T","b3","T","6M","T","1M","T","2","S","4","S","b6","S","b2","S","2M","S","4m","S","4M","S","5","D","7","D","b7","D","3M","D","5m","D","5M","D","") & _xlfn.SWITCH(AW22&"","1","T","3","T","6","T","b3","T","6M","T","1M","T","2","S","4","S","b6","S","b2","S","2M","S","4m","S","4M","S","5","D","7","D","b7","D","3M","D","5m","D","5M","D","") & _xlfn.SWITCH(AX22&"","1","T","3","T","6","T","b3","T","6M","T","1M","T","2","S","4","S","b6","S","b2","S","2M","S","4m","S","4M","S","5","D","7","D","b7","D","3M","D","5m","D","5M","D","")} -> TTTD TTTD | AY23: {=_xlfn.SWITCH(AY22&"","1","T","3","T","6","T","b3","T","6M","T","1M","T","2","S","4","S","b6","S","b2","S","2M","S","4m","S","4M","S","5","D","7","D","b7","D","3M","D","5m","D","5M","D","") & _xlfn.SWITCH(AZ22&"","1","T","3","T","6","T","b3","T","6M","T","1M","T","2","S","4","S","b6","S","b2","S","2M","S","4m","S","4M","S","5","D","7","D","b7","D","3M","D","5m","D","5M","D","") & _xlfn.SWITCH(BA22&"","1","T","3","T","6","T","b3","T","6M","T","1M","T","2","S","4","S","b6","S","b2","S","2M","S","4m","S","4M","S","5","D","7","D","b7","D","3M","D","5m","D","5M","D","") & _xlfn.SWITCH(BB22&"","1","T","3","T","6","T","b3","T","6M","T","1M","T","2","S","4","S","b6","S","b2","S","2M","S","4m","S","4M","S","5","D","7","D","b7","D","3M","D","5m","D","5M","D","") & " " & _xlfn.SWITCH(BC22&"","1","T","3","T","6","T","b3","T","6M","T","1M","T","2","S","4","S","b6","S","b2","S","2M","S","4m","S","4M","S","5","D","7","D","b7","D","3M","D","5m","D","5M","D","") & _xlfn.SWITCH(BD22&"","1","T","3","T","6","T","b3","T","6M","T","1M","T","2","S","4","S","b6","S","b2","S","2M","S","4m","S","4M","S","5","D","7","D","b7","D","3M","D","5m","D","5M","D","") & _xlfn.SWITCH(BE22&"","1","T","3","T","6","T","b3","T","6M","T","1M","T","2","S","4","S","b6","S","b2","S","2M","S","4m","S","4M","S","5","D","7","D","b7","D","3M","D","5m","D","5M","D","") & _xlfn.SWITCH(BF22&"","1","T","3","T","6","T","b3","T","6M","T","1M","T","2","S","4","S","b6","S","b2","S","2M","S","4m","S","4M","S","5","D","7","D","b7","D","3M","D","5m","D","5M","D","")} -> TDDT STSD | BG23: {=_xlfn.SWITCH(BG22&"","1","T","3","T","6","T","b3","T","6M","T","1M","T","2","S","4","S","b6","S","b2","S","2M","S","4m","S","4M","S","5","D","7","D","b7","D","3M","D","5m","D","5M","D","") & _xlfn.SWITCH(BH22&"","1","T","3","T","6","T","b3","T","6M","T","1M","T","2","S","4","S","b6","S","b2","S","2M","S","4m","S","4M","S","5","D","7","D","b7","D","3M","D","5m","D","5M","D","") & _xlfn.SWITCH(BI22&"","1","T","3","T","6","T","b3","T","6M","T","1M","T","2","S","4","S","b6","S","b2","S","2M","S","4m","S","4M","S","5","D","7","D","b7","D","3M","D","5m","D","5M","D","") & _xlfn.SWITCH(BJ22&"","1","T","3","T","6","T","b3","T","6M","T","1M","T","2","S","4","S","b6","S","b2","S","2M","S","4m","S","4M","S","5","D","7","D","b7","D","3M","D","5m","D","5M","D","") & " " & _xlfn.SWITCH(BK22&"","1","T","3","T","6","T","b3","T","6M","T","1M","T","2","S","4","S","b6","S","b2","S","2M","S","4m","S","4M","S","5","D","7","D","b7","D","3M","D","5m","D","5M","D","") & _xlfn.SWITCH(BL22&"","1","T","3","T","6","T","b3","T","6M","T","1M","T","2","S","4","S","b6","S","b2","S","2M","S","4m","S","4M","S","5","D","7","D","b7","D","3M","D","5m","D","5M","D","") & _xlfn.SWITCH(BM22&"","1","T","3","T","6","T","b3","T","6M","T","1M","T","2","S","4","S","b6","S","b2","S","2M","S","4m","S","4M","S","5","D","7","D","b7","D","3M","D","5m","D","5M","D","") & _xlfn.SWITCH(BN22&"","1","T","3","T","6","T","b3","T","6M","T","1M","T","2","S","4","S","b6","S","b2","S","2M","S","4m","S","4M","S","5","D","7","D","b7","D","3M","D","5m","D","5M","D","")} -> TDDT TDDT | BO23: {=_xlfn.SWITCH(BO22&"","1","T","3","T","6","T","b3","T","6M","T","1M","T","2","S","4","S","b6","S","b2","S","2M","S","4m","S","4M","S","5","D","7","D","b7","D","3M","D","5m","D","5M","D","") & _xlfn.SWITCH(BP22&"","1","T","3","T","6","T","b3","T","6M","T","1M","T","2","S","4","S","b6","S","b2","S","2M","S","4m","S","4M","S","5","D","7","D","b7","D","3M","D","5m","D","5M","D","") & _xlfn.SWITCH(BQ22&"","1","T","3","T","6","T","b3","T","6M","T","1M","T","2","S","4","S","b6","S","b2","S","2M","S","4m","S","4M","S","5","D","7","D","b7","D","3M","D","5m","D","5M","D","") & _xlfn.SWITCH(BR22&"","1","T","3","T","6","T","b3","T","6M","T","1M","T","2","S","4","S","b6","S","b2","S","2M","S","4m","S","4M","S","5","D","7","D","b7","D","3M","D","5m","D","5M","D","") & " " & _xlfn.SWITCH(BS22&"","1","T","3","T","6","T","b3","T","6M","T","1M","T","2","S","4","S","b6","S","b2","S","2M","S","4m","S","4M","S","5","D","7","D","b7","D","3M","D","5m","D","5M","D","") & _xlfn.SWITCH(BT22&"","1","T","3","T","6","T","b3","T","6M","T","1M","T","2","S","4","S","b6","S","b2","S","2M","S","4m","S","4M","S","5","D","7","D","b7","D","3M","D","5m","D","5M","D","") & _xlfn.SWITCH(BU22&"","1","T","3","T","6","T","b3","T","6M","T","1M","T","2","S","4","S","b6","S","b2","S","2M","S","4m","S","4M","S","5","D","7","D","b7","D","3M","D","5m","D","5M","D","") & _xlfn.SWITCH(BV22&"","1","T","3","T","6","T","b3","T","6M","T","1M","T","2","S","4","S","b6","S","b2","S","2M","S","4m","S","4M","S","5","D","7","D","b7","D","3M","D","5m","D","5M","D","")} -> SDDT SSTT | BW23: {=_xlfn.SWITCH(BW22&"","1","T","3","T","6","T","b3","T","6M","T","1M","T","2","S","4","S","b6","S","b2","S","2M","S","4m","S","4M","S","5","D","7","D","b7","D","3M","D","5m","D","5M","D","") & _xlfn.SWITCH(BX22&"","1","T","3","T","6","T","b3","T","6M","T","1M","T","2","S","4","S","b6","S","b2","S","2M","S","4m","S","4M","S","5","D","7","D","b7","D","3M","D","5m","D","5M","D","") & _xlfn.SWITCH(BY22&"","1","T","3","T","6","T","b3","T","6M","T","1M","T","2","S","4","S","b6","S","b2","S","2M","S","4m","S","4M","S","5","D","7","D","b7","D","3M","D","5m","D","5M","D","") & _xlfn.SWITCH(BZ22&"","1","T","3","T","6","T","b3","T","6M","T","1M","T","2","S","4","S","b6","S","b2","S","2M","S","4m","S","4M","S","5","D","7","D","b7","D","3M","D","5m","D","5M","D","") & " " & _xlfn.SWITCH(CA22&"","1","T","3","T","6","T","b3","T","6M","T","1M","T","2","S","4","S","b6","S","b2","S","2M","S","4m","S","4M","S","5","D","7","D","b7","D","3M","D","5m","D","5M","D","") & _xlfn.SWITCH(CB22&"","1","T","3","T","6","T","b3","T","6M","T","1M","T","2","S","4","S","b6","S","b2","S","2M","S","4m","S","4M","S","5","D","7","D","b7","D","3M","D","5m","D","5M","D","") & _xlfn.SWITCH(CC22&"","1","T","3","T","6","T","b3","T","6M","T","1M","T","2","S","4","S","b6","S","b2","S","2M","S","4m","S","4M","S","5","D","7","D","b7","D","3M","D","5m","D","5M","D","") & _xlfn.SWITCH(CD22&"","1","T","3","T","6","T","b3","T","6M","T","1M","T","2","S","4","S","b6","S","b2","S","2M","S","4m","S","4M","S","5","D","7","D","b7","D","3M","D","5m","D","5M","D","")} -> TTTD TTTD
B24: Remember (3:52) | C24: intro | K24: verse | S24: pre-chorus | AA24: chorus-part1 | AI24: chorus-part2 (2키업) | AQ24: bridge | AY24: dance-brake (2키업) | BG24: chorus-part2 (3키업)
B25: Gb | C25: Db | D25: Eb | E25: Cm | F25: Fm | G25: Bbm | H25: Ab | I25: Db | J25: Ebm | K25: Gb | L25: Ebm | M25: Abm | N25: Db | O25: Bbm | P25: Gm | Q25: Abm | R25: Db | S25: Abm | T25: Gb | U25: Cb | V25: Gb | W25: Abm | X25: Gb | Y25: Cbm | Z25: Db | AA25: Cb | AB25: Db | AC25: bbm | AD25: Ebm | AI25: Db | AJ25: Eb | AK25: Cm | AL25: Fm | AM25: Bbm | AN25: Ab | AO25: Db | AP25: Eb | AQ25: Fb | AR25: Gb | AS25: G | AT25: Abm | AU25: Dbm | AV25: Cb | AW25: Db | AX25: Gb | AY25: Db | AZ25: Eb | BA25: Cm | BB25: Fm | BC25: Bbm | BD25: Ab | BE25: Db | BF25: Eb | BG25: D | BH25: Fb | BI25: Dbm | BJ25: Gbm | BK25: Cbm | BL25: A | BM25: D | BN25: Fb
B26: 120 | C26: =IFERROR(INDEX('3세대 걸그룹'!$B$1:$Q$1, MATCH(C25, INDEX('3세대 걸그룹'!$B$2:$Q$13, MATCH($B25, '3세대 걸그룹'!$A$2:$A$13, 0), 0), 0)), IFERROR(INDEX('3세대 걸그룹'!$S$1:$AC$1, MATCH(C25, INDEX('3세대 걸그룹'!$S$2:$AC$13, MATCH($B25, '3세대 걸그룹'!$R$2:$R$13, 0), 0), 0)), "")) -> 5 | D26: =IFERROR(INDEX('3세대 걸그룹'!$B$1:$Q$1, MATCH(D25, INDEX('3세대 걸그룹'!$B$2:$Q$13, MATCH($B25, '3세대 걸그룹'!$A$2:$A$13, 0), 0), 0)), IFERROR(INDEX('3세대 걸그룹'!$S$1:$AC$1, MATCH(D25, INDEX('3세대 걸그룹'!$S$2:$AC$13, MATCH($B25, '3세대 걸그룹'!$R$2:$R$13, 0), 0), 0)), "")) -> 6M | E26: =IFERROR(INDEX('3세대 걸그룹'!$B$1:$Q$1, MATCH(E25, INDEX('3세대 걸그룹'!$B$2:$Q$13, MATCH($B25, '3세대 걸그룹'!$A$2:$A$13, 0), 0), 0)), IFERROR(INDEX('3세대 걸그룹'!$S$1:$AC$1, MATCH(E25, INDEX('3세대 걸그룹'!$S$2:$AC$13, MATCH($B25, '3세대 걸그룹'!$R$2:$R$13, 0), 0), 0)), "")) | F26: =IFERROR(INDEX('3세대 걸그룹'!$B$1:$Q$1, MATCH(F25, INDEX('3세대 걸그룹'!$B$2:$Q$13, MATCH($B25, '3세대 걸그룹'!$A$2:$A$13, 0), 0), 0)), IFERROR(INDEX('3세대 걸그룹'!$S$1:$AC$1, MATCH(F25, INDEX('3세대 걸그룹'!$S$2:$AC$13, MATCH($B25, '3세대 걸그룹'!$R$2:$R$13, 0), 0), 0)), "")) | G26: =IFERROR(INDEX('3세대 걸그룹'!$B$1:$Q$1, MATCH(G25, INDEX('3세대 걸그룹'!$B$2:$Q$13, MATCH($B25, '3세대 걸그룹'!$A$2:$A$13, 0), 0), 0)), IFERROR(INDEX('3세대 걸그룹'!$S$1:$AC$1, MATCH(G25, INDEX('3세대 걸그룹'!$S$2:$AC$13, MATCH($B25, '3세대 걸그룹'!$R$2:$R$13, 0), 0), 0)), "")) -> 3 | H26: =IFERROR(INDEX('3세대 걸그룹'!$B$1:$Q$1, MATCH(H25, INDEX('3세대 걸그룹'!$B$2:$Q$13, MATCH($B25, '3세대 걸그룹'!$A$2:$A$13, 0), 0), 0)), IFERROR(INDEX('3세대 걸그룹'!$S$1:$AC$1, MATCH(H25, INDEX('3세대 걸그룹'!$S$2:$AC$13, MATCH($B25, '3세대 걸그룹'!$R$2:$R$13, 0), 0), 0)), "")) -> 2M | I26: =IFERROR(INDEX('3세대 걸그룹'!$B$1:$Q$1, MATCH(I25, INDEX('3세대 걸그룹'!$B$2:$Q$13, MATCH($B25, '3세대 걸그룹'!$A$2:$A$13, 0), 0), 0)), IFERROR(INDEX('3세대 걸그룹'!$S$1:$AC$1, MATCH(I25, INDEX('3세대 걸그룹'!$S$2:$AC$13, MATCH($B25, '3세대 걸그룹'!$R$2:$R$13, 0), 0), 0)), "")) -> 5 | J26: =IFERROR(INDEX('3세대 걸그룹'!$B$1:$Q$1, MATCH(J25, INDEX('3세대 걸그룹'!$B$2:$Q$13, MATCH($B25, '3세대 걸그룹'!$A$2:$A$13, 0), 0), 0)), IFERROR(INDEX('3세대 걸그룹'!$S$1:$AC$1, MATCH(J25, INDEX('3세대 걸그룹'!$S$2:$AC$13, MATCH($B25, '3세대 걸그룹'!$R$2:$R$13, 0), 0), 0)), "")) -> 6 | ... BN26: =IFERROR(INDEX('3세대 걸그룹'!$B$1:$Q$1, MATCH(BN25, INDEX('3세대 걸그룹'!$B$2:$Q$13, MATCH($B25, '3세대 걸그룹'!$A$2:$A$13, 0), 0), 0)), IFERROR(INDEX('3세대 걸그룹'!$S$1:$AC$1, MATCH(BN25, INDEX('3세대 걸그룹'!$S$2:$AC$13, MATCH($B25, '3세대 걸그룹'!$R$2:$R$13, 0), 0), 0)), ""))
B27: 20150716 | C27: {=_xlfn.SWITCH(C26&"","1","T","3","T","6","T","b3","T","6M","T","1M","T","2","S","4","S","b6","S","b2","S","2M","S","4m","S","4M","S","5","D","7","D","b7","D","3M","D","5m","D","5M","D","") & _xlfn.SWITCH(D26&"","1","T","3","T","6","T","b3","T","6M","T","1M","T","2","S","4","S","b6","S","b2","S","2M","S","4m","S","4M","S","5","D","7","D","b7","D","3M","D","5m","D","5M","D","") & _xlfn.SWITCH(E26&"","1","T","3","T","6","T","b3","T","6M","T","1M","T","2","S","4","S","b6","S","b2","S","2M","S","4m","S","4M","S","5","D","7","D","b7","D","3M","D","5m","D","5M","D","") & _xlfn.SWITCH(F26&"","1","T","3","T","6","T","b3","T","6M","T","1M","T","2","S","4","S","b6","S","b2","S","2M","S","4m","S","4M","S","5","D","7","D","b7","D","3M","D","5m","D","5M","D","") & " " & _xlfn.SWITCH(G26&"","1","T","3","T","6","T","b3","T","6M","T","1M","T","2","S","4","S","b6","S","b2","S","2M","S","4m","S","4M","S","5","D","7","D","b7","D","3M","D","5m","D","5M","D","") & _xlfn.SWITCH(H26&"","1","T","3","T","6","T","b3","T","6M","T","1M","T","2","S","4","S","b6","S","b2","S","2M","S","4m","S","4M","S","5","D","7","D","b7","D","3M","D","5m","D","5M","D","") & _xlfn.SWITCH(I26&"","1","T","3","T","6","T","b3","T","6M","T","1M","T","2","S","4","S","b6","S","b2","S","2M","S","4m","S","4M","S","5","D","7","D","b7","D","3M","D","5m","D","5M","D","") & _xlfn.SWITCH(J26&"","1","T","3","T","6","T","b3","T","6M","T","1M","T","2","S","4","S","b6","S","b2","S","2M","S","4m","S","4M","S","5","D","7","D","b7","D","3M","D","5m","D","5M","D","")} -> DT TSDT | K27: {=_xlfn.SWITCH(K26&"","1","T","3","T","6","T","b3","T","6M","T","1M","T","2","S","4","S","b6","S","b2","S","2M","S","4m","S","4M","S","5","D","7","D","b7","D","3M","D","5m","D","5M","D","") & _xlfn.SWITCH(L26&"","1","T","3","T","6","T","b3","T","6M","T","1M","T","2","S","4","S","b6","S","b2","S","2M","S","4m","S","4M","S","5","D","7","D","b7","D","3M","D","5m","D","5M","D","") & _xlfn.SWITCH(M26&"","1","T","3","T","6","T","b3","T","6M","T","1M","T","2","S","4","S","b6","S","b2","S","2M","S","4m","S","4M","S","5","D","7","D","b7","D","3M","D","5m","D","5M","D","") & _xlfn.SWITCH(N26&"","1","T","3","T","6","T","b3","T","6M","T","1M","T","2","S","4","S","b6","S","b2","S","2M","S","4m","S","4M","S","5","D","7","D","b7","D","3M","D","5m","D","5M","D","") & " " & _xlfn.SWITCH(O26&"","1","T","3","T","6","T","b3","T","6M","T","1M","T","2","S","4","S","b6","S","b2","S","2M","S","4m","S","4M","S","5","D","7","D","b7","D","3M","D","5m","D","5M","D","") & _xlfn.SWITCH(P26&"","1","T","3","T","6","T","b3","T","6M","T","1M","T","2","S","4","S","b6","S","b2","S","2M","S","4m","S","4M","S","5","D","7","D","b7","D","3M","D","5m","D","5M","D","") & _xlfn.SWITCH(Q26&"","1","T","3","T","6","T","b3","T","6M","T","1M","T","2","S","4","S","b6","S","b2","S","2M","S","4m","S","4M","S","5","D","7","D","b7","D","3M","D","5m","D","5M","D","") & _xlfn.SWITCH(R26&"","1","T","3","T","6","T","b3","T","6M","T","1M","T","2","S","4","S","b6","S","b2","S","2M","S","4m","S","4M","S","5","D","7","D","b7","D","3M","D","5m","D","5M","D","")} -> TTSD TSD | S27: {=_xlfn.SWITCH(S26&"","1","T","3","T","6","T","b3","T","6M","T","1M","T","2","S","4","S","b6","S","b2","S","2M","S","4m","S","4M","S","5","D","7","D","b7","D","3M","D","5m","D","5M","D","") & _xlfn.SWITCH(T26&"","1","T","3","T","6","T","b3","T","6M","T","1M","T","2","S","4","S","b6","S","b2","S","2M","S","4m","S","4M","S","5","D","7","D","b7","D","3M","D","5m","D","5M","D","") & _xlfn.SWITCH(U26&"","1","T","3","T","6","T","b3","T","6M","T","1M","T","2","S","4","S","b6","S","b2","S","2M","S","4m","S","4M","S","5","D","7","D","b7","D","3M","D","5m","D","5M","D","") & _xlfn.SWITCH(V26&"","1","T","3","T","6","T","b3","T","6M","T","1M","T","2","S","4","S","b6","S","b2","S","2M","S","4m","S","4M","S","5","D","7","D","b7","D","3M","D","5m","D","5M","D","") & " " & _xlfn.SWITCH(W26&"","1","T","3","T","6","T","b3","T","6M","T","1M","T","2","S","4","S","b6","S","b2","S","2M","S","4m","S","4M","S","5","D","7","D","b7","D","3M","D","5m","D","5M","D","") & _xlfn.SWITCH(X26&"","1","T","3","T","6","T","b3","T","6M","T","1M","T","2","S","4","S","b6","S","b2","S","2M","S","4m","S","4M","S","5","D","7","D","b7","D","3M","D","5m","D","5M","D","") & _xlfn.SWITCH(Y26&"","1","T","3","T","6","T","b3","T","6M","T","1M","T","2","S","4","S","b6","S","b2","S","2M","S","4m","S","4M","S","5","D","7","D","b7","D","3M","D","5m","D","5M","D","") & _xlfn.SWITCH(Z26&"","1","T","3","T","6","T","b3","T","6M","T","1M","T","2","S","4","S","b6","S","b2","S","2M","S","4m","S","4M","S","5","D","7","D","b7","D","3M","D","5m","D","5M","D","")} -> STST STSD | AA27: {=_xlfn.SWITCH(AA26&"","1","T","3","T","6","T","b3","T","6M","T","1M","T","2","S","4","S","b6","S","b2","S","2M","S","4m","S","4M","S","5","D","7","D","b7","D","3M","D","5m","D","5M","D","") & _xlfn.SWITCH(AB26&"","1","T","3","T","6","T","b3","T","6M","T","1M","T","2","S","4","S","b6","S","b2","S","2M","S","4m","S","4M","S","5","D","7","D","b7","D","3M","D","5m","D","5M","D","") & _xlfn.SWITCH(AC26&"","1","T","3","T","6","T","b3","T","6M","T","1M","T","2","S","4","S","b6","S","b2","S","2M","S","4m","S","4M","S","5","D","7","D","b7","D","3M","D","5m","D","5M","D","") & _xlfn.SWITCH(AD26&"","1","T","3","T","6","T","b3","T","6M","T","1M","T","2","S","4","S","b6","S","b2","S","2M","S","4m","S","4M","S","5","D","7","D","b7","D","3M","D","5m","D","5M","D","") & " " & _xlfn.SWITCH(AE26&"","1","T","3","T","6","T","b3","T","6M","T","1M","T","2","S","4","S","b6","S","b2","S","2M","S","4m","S","4M","S","5","D","7","D","b7","D","3M","D","5m","D","5M","D","") & _xlfn.SWITCH(AF26&"","1","T","3","T","6","T","b3","T","6M","T","1M","T","2","S","4","S","b6","S","b2","S","2M","S","4m","S","4M","S","5","D","7","D","b7","D","3M","D","5m","D","5M","D","") & _xlfn.SWITCH(AG26&"","1","T","3","T","6","T","b3","T","6M","T","1M","T","2","S","4","S","b6","S","b2","S","2M","S","4m","S","4M","S","5","D","7","D","b7","D","3M","D","5m","D","5M","D","") & _xlfn.SWITCH(AH26&"","1","T","3","T","6","T","b3","T","6M","T","1M","T","2","S","4","S","b6","S","b2","S","2M","S","4m","S","4M","S","5","D","7","D","b7","D","3M","D","5m","D","5M","D","")} -> SDTT | AI27: {=_xlfn.SWITCH(AI26&"","1","T","3","T","6","T","b3","T","6M","T","1M","T","2","S","4","S","b6","S","b2","S","2M","S","4m","S","4M","S","5","D","7","D","b7","D","3M","D","5m","D","5M","D","") & _xlfn.SWITCH(AJ26&"","1","T","3","T","6","T","b3","T","6M","T","1M","T","2","S","4","S","b6","S","b2","S","2M","S","4m","S","4M","S","5","D","7","D","b7","D","3M","D","5m","D","5M","D","") & _xlfn.SWITCH(AK26&"","1","T","3","T","6","T","b3","T","6M","T","1M","T","2","S","4","S","b6","S","b2","S","2M","S","4m","S","4M","S","5","D","7","D","b7","D","3M","D","5m","D","5M","D","") & _xlfn.SWITCH(AL26&"","1","T","3","T","6","T","b3","T","6M","T","1M","T","2","S","4","S","b6","S","b2","S","2M","S","4m","S","4M","S","5","D","7","D","b7","D","3M","D","5m","D","5M","D","") & " " & _xlfn.SWITCH(AM26&"","1","T","3","T","6","T","b3","T","6M","T","1M","T","2","S","4","S","b6","S","b2","S","2M","S","4m","S","4M","S","5","D","7","D","b7","D","3M","D","5m","D","5M","D","") & _xlfn.SWITCH(AN26&"","1","T","3","T","6","T","b3","T","6M","T","1M","T","2","S","4","S","b6","S","b2","S","2M","S","4m","S","4M","S","5","D","7","D","b7","D","3M","D","5m","D","5M","D","") & _xlfn.SWITCH(AO26&"","1","T","3","T","6","T","b3","T","6M","T","1M","T","2","S","4","S","b6","S","b2","S","2M","S","4m","S","4M","S","5","D","7","D","b7","D","3M","D","5m","D","5M","D","") & _xlfn.SWITCH(AP26&"","1","T","3","T","6","T","b3","T","6M","T","1M","T","2","S","4","S","b6","S","b2","S","2M","S","4m","S","4M","S","5","D","7","D","b7","D","3M","D","5m","D","5M","D","")} -> DT TSDT | AQ27: {=_xlfn.SWITCH(AQ26&"","1","T","3","T","6","T","b3","T","6M","T","1M","T","2","S","4","S","b6","S","b2","S","2M","S","4m","S","4M","S","5","D","7","D","b7","D","3M","D","5m","D","5M","D","") & _xlfn.SWITCH(AR26&"","1","T","3","T","6","T","b3","T","6M","T","1M","T","2","S","4","S","b6","S","b2","S","2M","S","4m","S","4M","S","5","D","7","D","b7","D","3M","D","5m","D","5M","D","") & _xlfn.SWITCH(AS26&"","1","T","3","T","6","T","b3","T","6M","T","1M","T","2","S","4","S","b6","S","b2","S","2M","S","4m","S","4M","S","5","D","7","D","b7","D","3M","D","5m","D","5M","D","") & _xlfn.SWITCH(AT26&"","1","T","3","T","6","T","b3","T","6M","T","1M","T","2","S","4","S","b6","S","b2","S","2M","S","4m","S","4M","S","5","D","7","D","b7","D","3M","D","5m","D","5M","D","") & " " & _xlfn.SWITCH(AU26&"","1","T","3","T","6","T","b3","T","6M","T","1M","T","2","S","4","S","b6","S","b2","S","2M","S","4m","S","4M","S","5","D","7","D","b7","D","3M","D","5m","D","5M","D","") & _xlfn.SWITCH(AV26&"","1","T","3","T","6","T","b3","T","6M","T","1M","T","2","S","4","S","b6","S","b2","S","2M","S","4m","S","4M","S","5","D","7","D","b7","D","3M","D","5m","D","5M","D","") & _xlfn.SWITCH(AW26&"","1","T","3","T","6","T","b3","T","6M","T","1M","T","2","S","4","S","b6","S","b2","S","2M","S","4m","S","4M","S","5","D","7","D","b7","D","3M","D","5m","D","5M","D","") & _xlfn.SWITCH(AX26&"","1","T","3","T","6","T","b3","T","6M","T","1M","T","2","S","4","S","b6","S","b2","S","2M","S","4m","S","4M","S","5","D","7","D","b7","D","3M","D","5m","D","5M","D","")} -> TSS DSDT | AY27: {=_xlfn.SWITCH(AY26&"","1","T","3","T","6","T","b3","T","6M","T","1M","T","2","S","4","S","b6","S","b2","S","2M","S","4m","S","4M","S","5","D","7","D","b7","D","3M","D","5m","D","5M","D","") & _xlfn.SWITCH(AZ26&"","1","T","3","T","6","T","b3","T","6M","T","1M","T","2","S","4","S","b6","S","b2","S","2M","S","4m","S","4M","S","5","D","7","D","b7","D","3M","D","5m","D","5M","D","") & _xlfn.SWITCH(BA26&"","1","T","3","T","6","T","b3","T","6M","T","1M","T","2","S","4","S","b6","S","b2","S","2M","S","4m","S","4M","S","5","D","7","D","b7","D","3M","D","5m","D","5M","D","") & _xlfn.SWITCH(BB26&"","1","T","3","T","6","T","b3","T","6M","T","1M","T","2","S","4","S","b6","S","b2","S","2M","S","4m","S","4M","S","5","D","7","D","b7","D","3M","D","5m","D","5M","D","") & " " & _xlfn.SWITCH(BC26&"","1","T","3","T","6","T","b3","T","6M","T","1M","T","2","S","4","S","b6","S","b2","S","2M","S","4m","S","4M","S","5","D","7","D","b7","D","3M","D","5m","D","5M","D","") & _xlfn.SWITCH(BD26&"","1","T","3","T","6","T","b3","T","6M","T","1M","T","2","S","4","S","b6","S","b2","S","2M","S","4m","S","4M","S","5","D","7","D","b7","D","3M","D","5m","D","5M","D","") & _xlfn.SWITCH(BE26&"","1","T","3","T","6","T","b3","T","6M","T","1M","T","2","S","4","S","b6","S","b2","S","2M","S","4m","S","4M","S","5","D","7","D","b7","D","3M","D","5m","D","5M","D","") & _xlfn.SWITCH(BF26&"","1","T","3","T","6","T","b3","T","6M","T","1M","T","2","S","4","S","b6","S","b2","S","2M","S","4m","S","4M","S","5","D","7","D","b7","D","3M","D","5m","D","5M","D","")} -> DT TSDT | BG27: {=_xlfn.SWITCH(BG26&"","1","T","3","T","6","T","b3","T","6M","T","1M","T","2","S","4","S","b6","S","b2","S","2M","S","4m","S","4M","S","5","D","7","D","b7","D","3M","D","5m","D","5M","D","") & _xlfn.SWITCH(BH26&"","1","T","3","T","6","T","b3","T","6M","T","1M","T","2","S","4","S","b6","S","b2","S","2M","S","4m","S","4M","S","5","D","7","D","b7","D","3M","D","5m","D","5M","D","") & _xlfn.SWITCH(BI26&"","1","T","3","T","6","T","b3","T","6M","T","1M","T","2","S","4","S","b6","S","b2","S","2M","S","4m","S","4M","S","5","D","7","D","b7","D","3M","D","5m","D","5M","D","") & _xlfn.SWITCH(BJ26&"","1","T","3","T","6","T","b3","T","6M","T","1M","T","2","S","4","S","b6","S","b2","S","2M","S","4m","S","4M","S","5","D","7","D","b7","D","3M","D","5m","D","5M","D","") & " " & _xlfn.SWITCH(BK26&"","1","T","3","T","6","T","b3","T","6M","T","1M","T","2","S","4","S","b6","S","b2","S","2M","S","4m","S","4M","S","5","D","7","D","b7","D","3M","D","5m","D","5M","D","") & _xlfn.SWITCH(BL26&"","1","T","3","T","6","T","b3","T","6M","T","1M","T","2","S","4","S","b6","S","b2","S","2M","S","4m","S","4M","S","5","D","7","D","b7","D","3M","D","5m","D","5M","D","") & _xlfn.SWITCH(BM26&"","1","T","3","T","6","T","b3","T","6M","T","1M","T","2","S","4","S","b6","S","b2","S","2M","S","4m","S","4M","S","5","D","7","D","b7","D","3M","D","5m","D","5M","D","") & _xlfn.SWITCH(BN26&"","1","T","3","T","6","T","b3","T","6M","T","1M","T","2","S","4","S","b6","S","b2","S","2M","S","4m","S","4M","S","5","D","7","D","b7","D","3M","D","5m","D","5M","D","")} -> SD STS
B28: LUV (3:58) | C28: intro | K28: verse | S28: pre-chorus | AA28: chorus | AI28: bridge | AQ28: chorus3
B29: F#m | C29: D | D29: E | E29: C#m | F29: F#m | G29: D | H29: E | I29: C#m | J29: F#m | K29: D | L29: E | M29: C#m | N29: F#m | O29: D | P29: E | Q29: C#m | R29: F#m | S29: Bm | T29: C#m | U29: D | V29: E | W29: Bm | X29: C#m | Y29: E# | Z29: A | AA29: D | AB29: E | AC29: C#m | AD29: F#m | AE29: D | AF29: E | AG29: C#m | AH29: F#m | AI29: Bm | AJ29: A | AK29: D | AL29: A | AM29: D | AN29: F#m | AO29: G | AP29: A | AQ29: D | AR29: E | AS29: C#m | AT29: F#m | AU29: D | AV29: E | AW29: C#m | AX29: F#m
B30: 104 | C30: =IFERROR(INDEX('3세대 걸그룹'!$B$1:$Q$1, MATCH(C29, INDEX('3세대 걸그룹'!$B$2:$Q$13, MATCH($B29, '3세대 걸그룹'!$A$2:$A$13, 0), 0), 0)), IFERROR(INDEX('3세대 걸그룹'!$S$1:$AC$1, MATCH(C29, INDEX('3세대 걸그룹'!$S$2:$AC$13, MATCH($B29, '3세대 걸그룹'!$R$2:$R$13, 0), 0), 0)), "")) -> 6 | D30: =IFERROR(INDEX('3세대 걸그룹'!$B$1:$Q$1, MATCH(D29, INDEX('3세대 걸그룹'!$B$2:$Q$13, MATCH($B29, '3세대 걸그룹'!$A$2:$A$13, 0), 0), 0)), IFERROR(INDEX('3세대 걸그룹'!$S$1:$AC$1, MATCH(D29, INDEX('3세대 걸그룹'!$S$2:$AC$13, MATCH($B29, '3세대 걸그룹'!$R$2:$R$13, 0), 0), 0)), "")) | E30: =IFERROR(INDEX('3세대 걸그룹'!$B$1:$Q$1, MATCH(E29, INDEX('3세대 걸그룹'!$B$2:$Q$13, MATCH($B29, '3세대 걸그룹'!$A$2:$A$13, 0), 0), 0)), IFERROR(INDEX('3세대 걸그룹'!$S$1:$AC$1, MATCH(E29, INDEX('3세대 걸그룹'!$S$2:$AC$13, MATCH($B29, '3세대 걸그룹'!$R$2:$R$13, 0), 0), 0)), "")) -> 5 | F30: =IFERROR(INDEX('3세대 걸그룹'!$B$1:$Q$1, MATCH(F29, INDEX('3세대 걸그룹'!$B$2:$Q$13, MATCH($B29, '3세대 걸그룹'!$A$2:$A$13, 0), 0), 0)), IFERROR(INDEX('3세대 걸그룹'!$S$1:$AC$1, MATCH(F29, INDEX('3세대 걸그룹'!$S$2:$AC$13, MATCH($B29, '3세대 걸그룹'!$R$2:$R$13, 0), 0), 0)), "")) -> 1 | G30: =IFERROR(INDEX('3세대 걸그룹'!$B$1:$Q$1, MATCH(G29, INDEX('3세대 걸그룹'!$B$2:$Q$13, MATCH($B29, '3세대 걸그룹'!$A$2:$A$13, 0), 0), 0)), IFERROR(INDEX('3세대 걸그룹'!$S$1:$AC$1, MATCH(G29, INDEX('3세대 걸그룹'!$S$2:$AC$13, MATCH($B29, '3세대 걸그룹'!$R$2:$R$13, 0), 0), 0)), "")) -> 6 | H30: =IFERROR(INDEX('3세대 걸그룹'!$B$1:$Q$1, MATCH(H29, INDEX('3세대 걸그룹'!$B$2:$Q$13, MATCH($B29, '3세대 걸그룹'!$A$2:$A$13, 0), 0), 0)), IFERROR(INDEX('3세대 걸그룹'!$S$1:$AC$1, MATCH(H29, INDEX('3세대 걸그룹'!$S$2:$AC$13, MATCH($B29, '3세대 걸그룹'!$R$2:$R$13, 0), 0), 0)), "")) | I30: =IFERROR(INDEX('3세대 걸그룹'!$B$1:$Q$1, MATCH(I29, INDEX('3세대 걸그룹'!$B$2:$Q$13, MATCH($B29, '3세대 걸그룹'!$A$2:$A$13, 0), 0), 0)), IFERROR(INDEX('3세대 걸그룹'!$S$1:$AC$1, MATCH(I29, INDEX('3세대 걸그룹'!$S$2:$AC$13, MATCH($B29, '3세대 걸그룹'!$R$2:$R$13, 0), 0), 0)), "")) -> 5 | J30: =IFERROR(INDEX('3세대 걸그룹'!$B$1:$Q$1, MATCH(J29, INDEX('3세대 걸그룹'!$B$2:$Q$13, MATCH($B29, '3세대 걸그룹'!$A$2:$A$13, 0), 0), 0)), IFERROR(INDEX('3세대 걸그룹'!$S$1:$AC$1, MATCH(J29, INDEX('3세대 걸그룹'!$S$2:$AC$13, MATCH($B29, '3세대 걸그룹'!$R$2:$R$13, 0), 0), 0)), "")) -> 1 | ... AX30: =IFERROR(INDEX('3세대 걸그룹'!$B$1:$Q$1, MATCH(AX29, INDEX('3세대 걸그룹'!$B$2:$Q$13, MATCH($B29, '3세대 걸그룹'!$A$2:$A$13, 0), 0), 0)), IFERROR(INDEX('3세대 걸그룹'!$S$1:$AC$1, MATCH(AX29, INDEX('3세대 걸그룹'!$S$2:$AC$13, MATCH($B29, '3세대 걸그룹'!$R$2:$R$13, 0), 0), 0)), "")) -> 1
B31: 20141124 | C31: {=_xlfn.SWITCH(C30&"","1","T","3","T","6","T","b3","T","6M","T","1M","T","2","S","4","S","b6","S","b2","S","2M","S","4m","S","4M","S","5","D","7","D","b7","D","3M","D","5m","D","5M","D","") & _xlfn.SWITCH(D30&"","1","T","3","T","6","T","b3","T","6M","T","1M","T","2","S","4","S","b6","S","b2","S","2M","S","4m","S","4M","S","5","D","7","D","b7","D","3M","D","5m","D","5M","D","") & _xlfn.SWITCH(E30&"","1","T","3","T","6","T","b3","T","6M","T","1M","T","2","S","4","S","b6","S","b2","S","2M","S","4m","S","4M","S","5","D","7","D","b7","D","3M","D","5m","D","5M","D","") & _xlfn.SWITCH(F30&"","1","T","3","T","6","T","b3","T","6M","T","1M","T","2","S","4","S","b6","S","b2","S","2M","S","4m","S","4M","S","5","D","7","D","b7","D","3M","D","5m","D","5M","D","") & " " & _xlfn.SWITCH(G30&"","1","T","3","T","6","T","b3","T","6M","T","1M","T","2","S","4","S","b6","S","b2","S","2M","S","4m","S","4M","S","5","D","7","D","b7","D","3M","D","5m","D","5M","D","") & _xlfn.SWITCH(H30&"","1","T","3","T","6","T","b3","T","6M","T","1M","T","2","S","4","S","b6","S","b2","S","2M","S","4m","S","4M","S","5","D","7","D","b7","D","3M","D","5m","D","5M","D","") & _xlfn.SWITCH(I30&"","1","T","3","T","6","T","b3","T","6M","T","1M","T","2","S","4","S","b6","S","b2","S","2M","S","4m","S","4M","S","5","D","7","D","b7","D","3M","D","5m","D","5M","D","") & _xlfn.SWITCH(J30&"","1","T","3","T","6","T","b3","T","6M","T","1M","T","2","S","4","S","b6","S","b2","S","2M","S","4m","S","4M","S","5","D","7","D","b7","D","3M","D","5m","D","5M","D","")} -> TDT TDT | K31: {=_xlfn.SWITCH(K30&"","1","T","3","T","6","T","b3","T","6M","T","1M","T","2","S","4","S","b6","S","b2","S","2M","S","4m","S","4M","S","5","D","7","D","b7","D","3M","D","5m","D","5M","D","") & _xlfn.SWITCH(L30&"","1","T","3","T","6","T","b3","T","6M","T","1M","T","2","S","4","S","b6","S","b2","S","2M","S","4m","S","4M","S","5","D","7","D","b7","D","3M","D","5m","D","5M","D","") & _xlfn.SWITCH(M30&"","1","T","3","T","6","T","b3","T","6M","T","1M","T","2","S","4","S","b6","S","b2","S","2M","S","4m","S","4M","S","5","D","7","D","b7","D","3M","D","5m","D","5M","D","") & _xlfn.SWITCH(N30&"","1","T","3","T","6","T","b3","T","6M","T","1M","T","2","S","4","S","b6","S","b2","S","2M","S","4m","S","4M","S","5","D","7","D","b7","D","3M","D","5m","D","5M","D","") & " " & _xlfn.SWITCH(O30&"","1","T","3","T","6","T","b3","T","6M","T","1M","T","2","S","4","S","b6","S","b2","S","2M","S","4m","S","4M","S","5","D","7","D","b7","D","3M","D","5m","D","5M","D","") & _xlfn.SWITCH(P30&"","1","T","3","T","6","T","b3","T","6M","T","1M","T","2","S","4","S","b6","S","b2","S","2M","S","4m","S","4M","S","5","D","7","D","b7","D","3M","D","5m","D","5M","D","") & _xlfn.SWITCH(Q30&"","1","T","3","T","6","T","b3","T","6M","T","1M","T","2","S","4","S","b6","S","b2","S","2M","S","4m","S","4M","S","5","D","7","D","b7","D","3M","D","5m","D","5M","D","") & _xlfn.SWITCH(R30&"","1","T","3","T","6","T","b3","T","6M","T","1M","T","2","S","4","S","b6","S","b2","S","2M","S","4m","S","4M","S","5","D","7","D","b7","D","3M","D","5m","D","5M","D","")} -> TDT TDT | S31: {=_xlfn.SWITCH(S30&"","1","T","3","T","6","T","b3","T","6M","T","1M","T","2","S","4","S","b6","S","b2","S","2M","S","4m","S","4M","S","5","D","7","D","b7","D","3M","D","5m","D","5M","D","") & _xlfn.SWITCH(T30&"","1","T","3","T","6","T","b3","T","6M","T","1M","T","2","S","4","S","b6","S","b2","S","2M","S","4m","S","4M","S","5","D","7","D","b7","D","3M","D","5m","D","5M","D","") & _xlfn.SWITCH(U30&"","1","T","3","T","6","T","b3","T","6M","T","1M","T","2","S","4","S","b6","S","b2","S","2M","S","4m","S","4M","S","5","D","7","D","b7","D","3M","D","5m","D","5M","D","") & _xlfn.SWITCH(V30&"","1","T","3","T","6","T","b3","T","6M","T","1M","T","2","S","4","S","b6","S","b2","S","2M","S","4m","S","4M","S","5","D","7","D","b7","D","3M","D","5m","D","5M","D","") & " " & _xlfn.SWITCH(W30&"","1","T","3","T","6","T","b3","T","6M","T","1M","T","2","S","4","S","b6","S","b2","S","2M","S","4m","S","4M","S","5","D","7","D","b7","D","3M","D","5m","D","5M","D","") & _xlfn.SWITCH(X30&"","1","T","3","T","6","T","b3","T","6M","T","1M","T","2","S","4","S","b6","S","b2","S","2M","S","4m","S","4M","S","5","D","7","D","b7","D","3M","D","5m","D","5M","D","") & _xlfn.SWITCH(Y30&"","1","T","3","T","6","T","b3","T","6M","T","1M","T","2","S","4","S","b6","S","b2","S","2M","S","4m","S","4M","S","5","D","7","D","b7","D","3M","D","5m","D","5M","D","") & _xlfn.SWITCH(Z30&"","1","T","3","T","6","T","b3","T","6M","T","1M","T","2","S","4","S","b6","S","b2","S","2M","S","4m","S","4M","S","5","D","7","D","b7","D","3M","D","5m","D","5M","D","")} -> SDT SDT | AA31: {=_xlfn.SWITCH(AA30&"","1","T","3","T","6","T","b3","T","6M","T","1M","T","2","S","4","S","b6","S","b2","S","2M","S","4m","S","4M","S","5","D","7","D","b7","D","3M","D","5m","D","5M","D","") & _xlfn.SWITCH(AB30&"","1","T","3","T","6","T","b3","T","6M","T","1M","T","2","S","4","S","b6","S","b2","S","2M","S","4m","S","4M","S","5","D","7","D","b7","D","3M","D","5m","D","5M","D","") & _xlfn.SWITCH(AC30&"","1","T","3","T","6","T","b3","T","6M","T","1M","T","2","S","4","S","b6","S","b2","S","2M","S","4m","S","4M","S","5","D","7","D","b7","D","3M","D","5m","D","5M","D","") & _xlfn.SWITCH(AD30&"","1","T","3","T","6","T","b3","T","6M","T","1M","T","2","S","4","S","b6","S","b2","S","2M","S","4m","S","4M","S","5","D","7","D","b7","D","3M","D","5m","D","5M","D","") & " " & _xlfn.SWITCH(AE30&"","1","T","3","T","6","T","b3","T","6M","T","1M","T","2","S","4","S","b6","S","b2","S","2M","S","4m","S","4M","S","5","D","7","D","b7","D","3M","D","5m","D","5M","D","") & _xlfn.SWITCH(AF30&"","1","T","3","T","6","T","b3","T","6M","T","1M","T","2","S","4","S","b6","S","b2","S","2M","S","4m","S","4M","S","5","D","7","D","b7","D","3M","D","5m","D","5M","D","") & _xlfn.SWITCH(AG30&"","1","T","3","T","6","T","b3","T","6M","T","1M","T","2","S","4","S","b6","S","b2","S","2M","S","4m","S","4M","S","5","D","7","D","b7","D","3M","D","5m","D","5M","D","") & _xlfn.SWITCH(AH30&"","1","T","3","T","6","T","b3","T","6M","T","1M","T","2","S","4","S","b6","S","b2","S","2M","S","4m","S","4M","S","5","D","7","D","b7","D","3M","D","5m","D","5M","D","")} -> TDT TDT | AI31: {=_xlfn.SWITCH(AI30&"","1","T","3","T","6","T","b3","T","6M","T","1M","T","2","S","4","S","b6","S","b2","S","2M","S","4m","S","4M","S","5","D","7","D","b7","D","3M","D","5m","D","5M","D","") & _xlfn.SWITCH(AJ30&"","1","T","3","T","6","T","b3","T","6M","T","1M","T","2","S","4","S","b6","S","b2","S","2M","S","4m","S","4M","S","5","D","7","D","b7","D","3M","D","5m","D","5M","D","") & _xlfn.SWITCH(AK30&"","1","T","3","T","6","T","b3","T","6M","T","1M","T","2","S","4","S","b6","S","b2","S","2M","S","4m","S","4M","S","5","D","7","D","b7","D","3M","D","5m","D","5M","D","") & _xlfn.SWITCH(AL30&"","1","T","3","T","6","T","b3","T","6M","T","1M","T","2","S","4","S","b6","S","b2","S","2M","S","4m","S","4M","S","5","D","7","D","b7","D","3M","D","5m","D","5M","D","") & " " & _xlfn.SWITCH(AM30&"","1","T","3","T","6","T","b3","T","6M","T","1M","T","2","S","4","S","b6","S","b2","S","2M","S","4m","S","4M","S","5","D","7","D","b7","D","3M","D","5m","D","5M","D","") & _xlfn.SWITCH(AN30&"","1","T","3","T","6","T","b3","T","6M","T","1M","T","2","S","4","S","b6","S","b2","S","2M","S","4m","S","4M","S","5","D","7","D","b7","D","3M","D","5m","D","5M","D","") & _xlfn.SWITCH(AO30&"","1","T","3","T","6","T","b3","T","6M","T","1M","T","2","S","4","S","b6","S","b2","S","2M","S","4m","S","4M","S","5","D","7","D","b7","D","3M","D","5m","D","5M","D","") & _xlfn.SWITCH(AP30&"","1","T","3","T","6","T","b3","T","6M","T","1M","T","2","S","4","S","b6","S","b2","S","2M","S","4m","S","4M","S","5","D","7","D","b7","D","3M","D","5m","D","5M","D","")} -> STTT TTST | AQ31: {=_xlfn.SWITCH(AQ30&"","1","T","3","T","6","T","b3","T","6M","T","1M","T","2","S","4","S","b6","S","b2","S","2M","S","4m","S","4M","S","5","D","7","D","b7","D","3M","D","5m","D","5M","D","") & _xlfn.SWITCH(AR30&"","1","T","3","T","6","T","b3","T","6M","T","1M","T","2","S","4","S","b6","S","b2","S","2M","S","4m","S","4M","S","5","D","7","D","b7","D","3M","D","5m","D","5M","D","") & _xlfn.SWITCH(AS30&"","1","T","3","T","6","T","b3","T","6M","T","1M","T","2","S","4","S","b6","S","b2","S","2M","S","4m","S","4M","S","5","D","7","D","b7","D","3M","D","5m","D","5M","D","") & _xlfn.SWITCH(AT30&"","1","T","3","T","6","T","b3","T","6M","T","1M","T","2","S","4","S","b6","S","b2","S","2M","S","4m","S","4M","S","5","D","7","D","b7","D","3M","D","5m","D","5M","D","") & " " & _xlfn.SWITCH(AU30&"","1","T","3","T","6","T","b3","T","6M","T","1M","T","2","S","4","S","b6","S","b2","S","2M","S","4m","S","4M","S","5","D","7","D","b7","D","3M","D","5m","D","5M","D","") & _xlfn.SWITCH(AV30&"","1","T","3","T","6","T","b3","T","6M","T","1M","T","2","S","4","S","b6","S","b2","S","2M","S","4m","S","4M","S","5","D","7","D","b7","D","3M","D","5m","D","5M","D","") & _xlfn.SWITCH(AW30&"","1","T","3","T","6","T","b3","T","6M","T","1M","T","2","S","4","S","b6","S","b2","S","2M","S","4m","S","4M","S","5","D","7","D","b7","D","3M","D","5m","D","5M","D","") & _xlfn.SWITCH(AX30&"","1","T","3","T","6","T","b3","T","6M","T","1M","T","2","S","4","S","b6","S","b2","S","2M","S","4m","S","4M","S","5","D","7","D","b7","D","3M","D","5m","D","5M","D","")} -> TDT TDT
B32: 1도 없어 (3:19) | C32: intro | K32: verse | S32: pre-chorus | AA32: chorus | AI32: bridge | AQ32: chorus3
B33: F#m | C33: Bm | D33: C#m | E33: A | F33: D | G33: Bm | H33: C# | I33: F#m | J33: F#m | K33: F#m | L33: C#m | M33: A | N33: D | O33: Bm | P33: C#m | Q33: A | R33: D | S33: Bm | T33: C#m | U33: A | V33: D | W33: Bm | X33: C# | Y33: F#m | Z33: F#m | AA33: Bm | AB33: C#m | AC33: A | AD33: D | AE33: Bm | AF33: C# | AG33: F#m | AH33: F#m | AI33: Bm | AJ33: E | AK33: A | AL33: D | AM33: Bm | AN33: C# | AO33: F#m | AP33: F#m | AQ33: Bm | AR33: C#m | AS33: A | AT33: D | AU33: Bm | AV33: C# | AW33: F#m | AX33: F#m
B34: 124 | C34: =IFERROR(INDEX('3세대 걸그룹'!$B$1:$Q$1, MATCH(C33, INDEX('3세대 걸그룹'!$B$2:$Q$13, MATCH($B33, '3세대 걸그룹'!$A$2:$A$13, 0), 0), 0)), IFERROR(INDEX('3세대 걸그룹'!$S$1:$AC$1, MATCH(C33, INDEX('3세대 걸그룹'!$S$2:$AC$13, MATCH($B33, '3세대 걸그룹'!$R$2:$R$13, 0), 0), 0)), "")) -> 4 | D34: =IFERROR(INDEX('3세대 걸그룹'!$B$1:$Q$1, MATCH(D33, INDEX('3세대 걸그룹'!$B$2:$Q$13, MATCH($B33, '3세대 걸그룹'!$A$2:$A$13, 0), 0), 0)), IFERROR(INDEX('3세대 걸그룹'!$S$1:$AC$1, MATCH(D33, INDEX('3세대 걸그룹'!$S$2:$AC$13, MATCH($B33, '3세대 걸그룹'!$R$2:$R$13, 0), 0), 0)), "")) -> 5 | E34: =IFERROR(INDEX('3세대 걸그룹'!$B$1:$Q$1, MATCH(E33, INDEX('3세대 걸그룹'!$B$2:$Q$13, MATCH($B33, '3세대 걸그룹'!$A$2:$A$13, 0), 0), 0)), IFERROR(INDEX('3세대 걸그룹'!$S$1:$AC$1, MATCH(E33, INDEX('3세대 걸그룹'!$S$2:$AC$13, MATCH($B33, '3세대 걸그룹'!$R$2:$R$13, 0), 0), 0)), "")) -> 3 | F34: =IFERROR(INDEX('3세대 걸그룹'!$B$1:$Q$1, MATCH(F33, INDEX('3세대 걸그룹'!$B$2:$Q$13, MATCH($B33, '3세대 걸그룹'!$A$2:$A$13, 0), 0), 0)), IFERROR(INDEX('3세대 걸그룹'!$S$1:$AC$1, MATCH(F33, INDEX('3세대 걸그룹'!$S$2:$AC$13, MATCH($B33, '3세대 걸그룹'!$R$2:$R$13, 0), 0), 0)), "")) -> 6 | G34: =IFERROR(INDEX('3세대 걸그룹'!$B$1:$Q$1, MATCH(G33, INDEX('3세대 걸그룹'!$B$2:$Q$13, MATCH($B33, '3세대 걸그룹'!$A$2:$A$13, 0), 0), 0)), IFERROR(INDEX('3세대 걸그룹'!$S$1:$AC$1, MATCH(G33, INDEX('3세대 걸그룹'!$S$2:$AC$13, MATCH($B33, '3세대 걸그룹'!$R$2:$R$13, 0), 0), 0)), "")) -> 4 | H34: =IFERROR(INDEX('3세대 걸그룹'!$B$1:$Q$1, MATCH(H33, INDEX('3세대 걸그룹'!$B$2:$Q$13, MATCH($B33, '3세대 걸그룹'!$A$2:$A$13, 0), 0), 0)), IFERROR(INDEX('3세대 걸그룹'!$S$1:$AC$1, MATCH(H33, INDEX('3세대 걸그룹'!$S$2:$AC$13, MATCH($B33, '3세대 걸그룹'!$R$2:$R$13, 0), 0), 0)), "")) -> 5M | I34: =IFERROR(INDEX('3세대 걸그룹'!$B$1:$Q$1, MATCH(I33, INDEX('3세대 걸그룹'!$B$2:$Q$13, MATCH($B33, '3세대 걸그룹'!$A$2:$A$13, 0), 0), 0)), IFERROR(INDEX('3세대 걸그룹'!$S$1:$AC$1, MATCH(I33, INDEX('3세대 걸그룹'!$S$2:$AC$13, MATCH($B33, '3세대 걸그룹'!$R$2:$R$13, 0), 0), 0)), "")) -> 1 | J34: =IFERROR(INDEX('3세대 걸그룹'!$B$1:$Q$1, MATCH(J33, INDEX('3세대 걸그룹'!$B$2:$Q$13, MATCH($B33, '3세대 걸그룹'!$A$2:$A$13, 0), 0), 0)), IFERROR(INDEX('3세대 걸그룹'!$S$1:$AC$1, MATCH(J33, INDEX('3세대 걸그룹'!$S$2:$AC$13, MATCH($B33, '3세대 걸그룹'!$R$2:$R$13, 0), 0), 0)), "")) -> 1 | ... AX34: =IFERROR(INDEX('3세대 걸그룹'!$B$1:$Q$1, MATCH(AX33, INDEX('3세대 걸그룹'!$B$2:$Q$13, MATCH($B33, '3세대 걸그룹'!$A$2:$A$13, 0), 0), 0)), IFERROR(INDEX('3세대 걸그룹'!$S$1:$AC$1, MATCH(AX33, INDEX('3세대 걸그룹'!$S$2:$AC$13, MATCH($B33, '3세대 걸그룹'!$R$2:$R$13, 0), 0), 0)), "")) -> 1
B35: 20180702 | C35: {=_xlfn.SWITCH(C34&"","1","T","3","T","6","T","b3","T","6M","T","1M","T","2","S","4","S","b6","S","b2","S","2M","S","4m","S","4M","S","5","D","7","D","b7","D","3M","D","5m","D","5M","D","") & _xlfn.SWITCH(D34&"","1","T","3","T","6","T","b3","T","6M","T","1M","T","2","S","4","S","b6","S","b2","S","2M","S","4m","S","4M","S","5","D","7","D","b7","D","3M","D","5m","D","5M","D","") & _xlfn.SWITCH(E34&"","1","T","3","T","6","T","b3","T","6M","T","1M","T","2","S","4","S","b6","S","b2","S","2M","S","4m","S","4M","S","5","D","7","D","b7","D","3M","D","5m","D","5M","D","") & _xlfn.SWITCH(F34&"","1","T","3","T","6","T","b3","T","6M","T","1M","T","2","S","4","S","b6","S","b2","S","2M","S","4m","S","4M","S","5","D","7","D","b7","D","3M","D","5m","D","5M","D","") & " " & _xlfn.SWITCH(G34&"","1","T","3","T","6","T","b3","T","6M","T","1M","T","2","S","4","S","b6","S","b2","S","2M","S","4m","S","4M","S","5","D","7","D","b7","D","3M","D","5m","D","5M","D","") & _xlfn.SWITCH(H34&"","1","T","3","T","6","T","b3","T","6M","T","1M","T","2","S","4","S","b6","S","b2","S","2M","S","4m","S","4M","S","5","D","7","D","b7","D","3M","D","5m","D","5M","D","") & _xlfn.SWITCH(I34&"","1","T","3","T","6","T","b3","T","6M","T","1M","T","2","S","4","S","b6","S","b2","S","2M","S","4m","S","4M","S","5","D","7","D","b7","D","3M","D","5m","D","5M","D","") & _xlfn.SWITCH(J34&"","1","T","3","T","6","T","b3","T","6M","T","1M","T","2","S","4","S","b6","S","b2","S","2M","S","4m","S","4M","S","5","D","7","D","b7","D","3M","D","5m","D","5M","D","")} -> SDTT SDTT | K35: {=_xlfn.SWITCH(K34&"","1","T","3","T","6","T","b3","T","6M","T","1M","T","2","S","4","S","b6","S","b2","S","2M","S","4m","S","4M","S","5","D","7","D","b7","D","3M","D","5m","D","5M","D","") & _xlfn.SWITCH(L34&"","1","T","3","T","6","T","b3","T","6M","T","1M","T","2","S","4","S","b6","S","b2","S","2M","S","4m","S","4M","S","5","D","7","D","b7","D","3M","D","5m","D","5M","D","") & _xlfn.SWITCH(M34&"","1","T","3","T","6","T","b3","T","6M","T","1M","T","2","S","4","S","b6","S","b2","S","2M","S","4m","S","4M","S","5","D","7","D","b7","D","3M","D","5m","D","5M","D","") & _xlfn.SWITCH(N34&"","1","T","3","T","6","T","b3","T","6M","T","1M","T","2","S","4","S","b6","S","b2","S","2M","S","4m","S","4M","S","5","D","7","D","b7","D","3M","D","5m","D","5M","D","") & " " & _xlfn.SWITCH(O34&"","1","T","3","T","6","T","b3","T","6M","T","1M","T","2","S","4","S","b6","S","b2","S","2M","S","4m","S","4M","S","5","D","7","D","b7","D","3M","D","5m","D","5M","D","") & _xlfn.SWITCH(P34&"","1","T","3","T","6","T","b3","T","6M","T","1M","T","2","S","4","S","b6","S","b2","S","2M","S","4m","S","4M","S","5","D","7","D","b7","D","3M","D","5m","D","5M","D","") & _xlfn.SWITCH(Q34&"","1","T","3","T","6","T","b3","T","6M","T","1M","T","2","S","4","S","b6","S","b2","S","2M","S","4m","S","4M","S","5","D","7","D","b7","D","3M","D","5m","D","5M","D","") & _xlfn.SWITCH(R34&"","1","T","3","T","6","T","b3","T","6M","T","1M","T","2","S","4","S","b6","S","b2","S","2M","S","4m","S","4M","S","5","D","7","D","b7","D","3M","D","5m","D","5M","D","")} -> TDTT SDTT | S35: {=_xlfn.SWITCH(S34&"","1","T","3","T","6","T","b3","T","6M","T","1M","T","2","S","4","S","b6","S","b2","S","2M","S","4m","S","4M","S","5","D","7","D","b7","D","3M","D","5m","D","5M","D","") & _xlfn.SWITCH(T34&"","1","T","3","T","6","T","b3","T","6M","T","1M","T","2","S","4","S","b6","S","b2","S","2M","S","4m","S","4M","S","5","D","7","D","b7","D","3M","D","5m","D","5M","D","") & _xlfn.SWITCH(U34&"","1","T","3","T","6","T","b3","T","6M","T","1M","T","2","S","4","S","b6","S","b2","S","2M","S","4m","S","4M","S","5","D","7","D","b7","D","3M","D","5m","D","5M","D","") & _xlfn.SWITCH(V34&"","1","T","3","T","6","T","b3","T","6M","T","1M","T","2","S","4","S","b6","S","b2","S","2M","S","4m","S","4M","S","5","D","7","D","b7","D","3M","D","5m","D","5M","D","") & " " & _xlfn.SWITCH(W34&"","1","T","3","T","6","T","b3","T","6M","T","1M","T","2","S","4","S","b6","S","b2","S","2M","S","4m","S","4M","S","5","D","7","D","b7","D","3M","D","5m","D","5M","D","") & _xlfn.SWITCH(X34&"","1","T","3","T","6","T","b3","T","6M","T","1M","T","2","S","4","S","b6","S","b2","S","2M","S","4m","S","4M","S","5","D","7","D","b7","D","3M","D","5m","D","5M","D","") & _xlfn.SWITCH(Y34&"","1","T","3","T","6","T","b3","T","6M","T","1M","T","2","S","4","S","b6","S","b2","S","2M","S","4m","S","4M","S","5","D","7","D","b7","D","3M","D","5m","D","5M","D","") & _xlfn.SWITCH(Z34&"","1","T","3","T","6","T","b3","T","6M","T","1M","T","2","S","4","S","b6","S","b2","S","2M","S","4m","S","4M","S","5","D","7","D","b7","D","3M","D","5m","D","5M","D","")} -> SDTT SDTT | AA35: {=_xlfn.SWITCH(AA34&"","1","T","3","T","6","T","b3","T","6M","T","1M","T","2","S","4","S","b6","S","b2","S","2M","S","4m","S","4M","S","5","D","7","D","b7","D","3M","D","5m","D","5M","D","") & _xlfn.SWITCH(AB34&"","1","T","3","T","6","T","b3","T","6M","T","1M","T","2","S","4","S","b6","S","b2","S","2M","S","4m","S","4M","S","5","D","7","D","b7","D","3M","D","5m","D","5M","D","") & _xlfn.SWITCH(AC34&"","1","T","3","T","6","T","b3","T","6M","T","1M","T","2","S","4","S","b6","S","b2","S","2M","S","4m","S","4M","S","5","D","7","D","b7","D","3M","D","5m","D","5M","D","") & _xlfn.SWITCH(AD34&"","1","T","3","T","6","T","b3","T","6M","T","1M","T","2","S","4","S","b6","S","b2","S","2M","S","4m","S","4M","S","5","D","7","D","b7","D","3M","D","5m","D","5M","D","") & " " & _xlfn.SWITCH(AE34&"","1","T","3","T","6","T","b3","T","6M","T","1M","T","2","S","4","S","b6","S","b2","S","2M","S","4m","S","4M","S","5","D","7","D","b7","D","3M","D","5m","D","5M","D","") & _xlfn.SWITCH(AF34&"","1","T","3","T","6","T","b3","T","6M","T","1M","T","2","S","4","S","b6","S","b2","S","2M","S","4m","S","4M","S","5","D","7","D","b7","D","3M","D","5m","D","5M","D","") & _xlfn.SWITCH(AG34&"","1","T","3","T","6","T","b3","T","6M","T","1M","T","2","S","4","S","b6","S","b2","S","2M","S","4m","S","4M","S","5","D","7","D","b7","D","3M","D","5m","D","5M","D","") & _xlfn.SWITCH(AH34&"","1","T","3","T","6","T","b3","T","6M","T","1M","T","2","S","4","S","b6","S","b2","S","2M","S","4m","S","4M","S","5","D","7","D","b7","D","3M","D","5m","D","5M","D","")} -> SDTT SDTT | AI35: {=_xlfn.SWITCH(AI34&"","1","T","3","T","6","T","b3","T","6M","T","1M","T","2","S","4","S","b6","S","b2","S","2M","S","4m","S","4M","S","5","D","7","D","b7","D","3M","D","5m","D","5M","D","") & _xlfn.SWITCH(AJ34&"","1","T","3","T","6","T","b3","T","6M","T","1M","T","2","S","4","S","b6","S","b2","S","2M","S","4m","S","4M","S","5","D","7","D","b7","D","3M","D","5m","D","5M","D","") & _xlfn.SWITCH(AK34&"","1","T","3","T","6","T","b3","T","6M","T","1M","T","2","S","4","S","b6","S","b2","S","2M","S","4m","S","4M","S","5","D","7","D","b7","D","3M","D","5m","D","5M","D","") & _xlfn.SWITCH(AL34&"","1","T","3","T","6","T","b3","T","6M","T","1M","T","2","S","4","S","b6","S","b2","S","2M","S","4m","S","4M","S","5","D","7","D","b7","D","3M","D","5m","D","5M","D","") & " " & _xlfn.SWITCH(AM34&"","1","T","3","T","6","T","b3","T","6M","T","1M","T","2","S","4","S","b6","S","b2","S","2M","S","4m","S","4M","S","5","D","7","D","b7","D","3M","D","5m","D","5M","D","") & _xlfn.SWITCH(AN34&"","1","T","3","T","6","T","b3","T","6M","T","1M","T","2","S","4","S","b6","S","b2","S","2M","S","4m","S","4M","S","5","D","7","D","b7","D","3M","D","5m","D","5M","D","") & _xlfn.SWITCH(AO34&"","1","T","3","T","6","T","b3","T","6M","T","1M","T","2","S","4","S","b6","S","b2","S","2M","S","4m","S","4M","S","5","D","7","D","b7","D","3M","D","5m","D","5M","D","") & _xlfn.SWITCH(AP34&"","1","T","3","T","6","T","b3","T","6M","T","1M","T","2","S","4","S","b6","S","b2","S","2M","S","4m","S","4M","S","5","D","7","D","b7","D","3M","D","5m","D","5M","D","")} -> STT SDTT | AQ35: {=_xlfn.SWITCH(AQ34&"","1","T","3","T","6","T","b3","T","6M","T","1M","T","2","S","4","S","b6","S","b2","S","2M","S","4m","S","4M","S","5","D","7","D","b7","D","3M","D","5m","D","5M","D","") & _xlfn.SWITCH(AR34&"","1","T","3","T","6","T","b3","T","6M","T","1M","T","2","S","4","S","b6","S","b2","S","2M","S","4m","S","4M","S","5","D","7","D","b7","D","3M","D","5m","D","5M","D","") & _xlfn.SWITCH(AS34&"","1","T","3","T","6","T","b3","T","6M","T","1M","T","2","S","4","S","b6","S","b2","S","2M","S","4m","S","4M","S","5","D","7","D","b7","D","3M","D","5m","D","5M","D","") & _xlfn.SWITCH(AT34&"","1","T","3","T","6","T","b3","T","6M","T","1M","T","2","S","4","S","b6","S","b2","S","2M","S","4m","S","4M","S","5","D","7","D","b7","D","3M","D","5m","D","5M","D","") & " " & _xlfn.SWITCH(AU34&"","1","T","3","T","6","T","b3","T","6M","T","1M","T","2","S","4","S","b6","S","b2","S","2M","S","4m","S","4M","S","5","D","7","D","b7","D","3M","D","5m","D","5M","D","") & _xlfn.SWITCH(AV34&"","1","T","3","T","6","T","b3","T","6M","T","1M","T","2","S","4","S","b6","S","b2","S","2M","S","4m","S","4M","S","5","D","7","D","b7","D","3M","D","5m","D","5M","D","") & _xlfn.SWITCH(AW34&"","1","T","3","T","6","T","b3","T","6M","T","1M","T","2","S","4","S","b6","S","b2","S","2M","S","4m","S","4M","S","5","D","7","D","b7","D","3M","D","5m","D","5M","D","") & _xlfn.SWITCH(AX34&"","1","T","3","T","6","T","b3","T","6M","T","1M","T","2","S","4","S","b6","S","b2","S","2M","S","4m","S","4M","S","5","D","7","D","b7","D","3M","D","5m","D","5M","D","")} -> SDTT SDTT
B36: 덤더럼 (3:27) | C36: intro | K36: verse | S36: pre-chorus | AA36: chorus | AI36: bridge-part1 | AQ36: bridge-part1 | AY36: dance-brake | BG36: chorus3
B37: G#m | C37: G#m | D37: C#m | E37: E | F37: F# | G37: G#m | H37: C#m | I37: E | J37: F# | K37: G#m | L37: C#m | M37: E | N37: F# | O37: G#m | P37: C#m | Q37: E | R37: F# | S37: G#m | T37: C#m | U37: E | V37: F# | W37: G#m | X37: C#m | Y37: E | Z37: F# | AA37: G#m | AB37: C#m | AC37: E | AD37: F# | AE37: G#m | AF37: C#m | AG37: E | AH37: F# | AI37: E | AJ37: F# | AK37: F# | AL37: F# | AM37: D#m | AN37: E | AO37: E | AP37: E | AQ37: E | AR37: F# | AS37: F# | AT37: F# | AU37: D#m | AV37: E | AW37: G# | AX37: G# | AY37: G#m | AZ37: C#m | BA37: E | BB37: F# | BC37: G#m | BD37: C#m | BE37: E | BF37: F# | BG37: G#m | BH37: C#m | BI37: E | BJ37: F# | BK37: G#m | BL37: C#m | BM37: E | BN37: F#
B38: 115 | C38: =IFERROR(INDEX('3세대 걸그룹'!$B$1:$Q$1, MATCH(C37, INDEX('3세대 걸그룹'!$B$2:$Q$13, MATCH($B37, '3세대 걸그룹'!$A$2:$A$13, 0), 0), 0)), IFERROR(INDEX('3세대 걸그룹'!$S$1:$AC$1, MATCH(C37, INDEX('3세대 걸그룹'!$S$2:$AC$13, MATCH($B37, '3세대 걸그룹'!$R$2:$R$13, 0), 0), 0)), "")) -> 1 | D38: =IFERROR(INDEX('3세대 걸그룹'!$B$1:$Q$1, MATCH(D37, INDEX('3세대 걸그룹'!$B$2:$Q$13, MATCH($B37, '3세대 걸그룹'!$A$2:$A$13, 0), 0), 0)), IFERROR(INDEX('3세대 걸그룹'!$S$1:$AC$1, MATCH(D37, INDEX('3세대 걸그룹'!$S$2:$AC$13, MATCH($B37, '3세대 걸그룹'!$R$2:$R$13, 0), 0), 0)), "")) -> 4 | E38: =IFERROR(INDEX('3세대 걸그룹'!$B$1:$Q$1, MATCH(E37, INDEX('3세대 걸그룹'!$B$2:$Q$13, MATCH($B37, '3세대 걸그룹'!$A$2:$A$13, 0), 0), 0)), IFERROR(INDEX('3세대 걸그룹'!$S$1:$AC$1, MATCH(E37, INDEX('3세대 걸그룹'!$S$2:$AC$13, MATCH($B37, '3세대 걸그룹'!$R$2:$R$13, 0), 0), 0)), "")) -> 6 | F38: =IFERROR(INDEX('3세대 걸그룹'!$B$1:$Q$1, MATCH(F37, INDEX('3세대 걸그룹'!$B$2:$Q$13, MATCH($B37, '3세대 걸그룹'!$A$2:$A$13, 0), 0), 0)), IFERROR(INDEX('3세대 걸그룹'!$S$1:$AC$1, MATCH(F37, INDEX('3세대 걸그룹'!$S$2:$AC$13, MATCH($B37, '3세대 걸그룹'!$R$2:$R$13, 0), 0), 0)), "")) -> 7 | G38: =IFERROR(INDEX('3세대 걸그룹'!$B$1:$Q$1, MATCH(G37, INDEX('3세대 걸그룹'!$B$2:$Q$13, MATCH($B37, '3세대 걸그룹'!$A$2:$A$13, 0), 0), 0)), IFERROR(INDEX('3세대 걸그룹'!$S$1:$AC$1, MATCH(G37, INDEX('3세대 걸그룹'!$S$2:$AC$13, MATCH($B37, '3세대 걸그룹'!$R$2:$R$13, 0), 0), 0)), "")) -> 1 | H38: =IFERROR(INDEX('3세대 걸그룹'!$B$1:$Q$1, MATCH(H37, INDEX('3세대 걸그룹'!$B$2:$Q$13, MATCH($B37, '3세대 걸그룹'!$A$2:$A$13, 0), 0), 0)), IFERROR(INDEX('3세대 걸그룹'!$S$1:$AC$1, MATCH(H37, INDEX('3세대 걸그룹'!$S$2:$AC$13, MATCH($B37, '3세대 걸그룹'!$R$2:$R$13, 0), 0), 0)), "")) -> 4 | I38: =IFERROR(INDEX('3세대 걸그룹'!$B$1:$Q$1, MATCH(I37, INDEX('3세대 걸그룹'!$B$2:$Q$13, MATCH($B37, '3세대 걸그룹'!$A$2:$A$13, 0), 0), 0)), IFERROR(INDEX('3세대 걸그룹'!$S$1:$AC$1, MATCH(I37, INDEX('3세대 걸그룹'!$S$2:$AC$13, MATCH($B37, '3세대 걸그룹'!$R$2:$R$13, 0), 0), 0)), "")) -> 6 | J38: =IFERROR(INDEX('3세대 걸그룹'!$B$1:$Q$1, MATCH(J37, INDEX('3세대 걸그룹'!$B$2:$Q$13, MATCH($B37, '3세대 걸그룹'!$A$2:$A$13, 0), 0), 0)), IFERROR(INDEX('3세대 걸그룹'!$S$1:$AC$1, MATCH(J37, INDEX('3세대 걸그룹'!$S$2:$AC$13, MATCH($B37, '3세대 걸그룹'!$R$2:$R$13, 0), 0), 0)), "")) -> 7 | ... BN38: =IFERROR(INDEX('3세대 걸그룹'!$B$1:$Q$1, MATCH(BN37, INDEX('3세대 걸그룹'!$B$2:$Q$13, MATCH($B37, '3세대 걸그룹'!$A$2:$A$13, 0), 0), 0)), IFERROR(INDEX('3세대 걸그룹'!$S$1:$AC$1, MATCH(BN37, INDEX('3세대 걸그룹'!$S$2:$AC$13, MATCH($B37, '3세대 걸그룹'!$R$2:$R$13, 0), 0), 0)), "")) -> 7
B39: 20200413 | C39: {=_xlfn.SWITCH(C38&"","1","T","3","T","6","T","b3","T","6M","T","1M","T","2","S","4","S","b6","S","b2","S","2M","S","4m","S","4M","S","5","D","7","D","b7","D","3M","D","5m","D","5M","D","") & _xlfn.SWITCH(D38&"","1","T","3","T","6","T","b3","T","6M","T","1M","T","2","S","4","S","b6","S","b2","S","2M","S","4m","S","4M","S","5","D","7","D","b7","D","3M","D","5m","D","5M","D","") & _xlfn.SWITCH(E38&"","1","T","3","T","6","T","b3","T","6M","T","1M","T","2","S","4","S","b6","S","b2","S","2M","S","4m","S","4M","S","5","D","7","D","b7","D","3M","D","5m","D","5M","D","") & _xlfn.SWITCH(F38&"","1","T","3","T","6","T","b3","T","6M","T","1M","T","2","S","4","S","b6","S","b2","S","2M","S","4m","S","4M","S","5","D","7","D","b7","D","3M","D","5m","D","5M","D","") & " " & _xlfn.SWITCH(G38&"","1","T","3","T","6","T","b3","T","6M","T","1M","T","2","S","4","S","b6","S","b2","S","2M","S","4m","S","4M","S","5","D","7","D","b7","D","3M","D","5m","D","5M","D","") & _xlfn.SWITCH(H38&"","1","T","3","T","6","T","b3","T","6M","T","1M","T","2","S","4","S","b6","S","b2","S","2M","S","4m","S","4M","S","5","D","7","D","b7","D","3M","D","5m","D","5M","D","") & _xlfn.SWITCH(I38&"","1","T","3","T","6","T","b3","T","6M","T","1M","T","2","S","4","S","b6","S","b2","S","2M","S","4m","S","4M","S","5","D","7","D","b7","D","3M","D","5m","D","5M","D","") & _xlfn.SWITCH(J38&"","1","T","3","T","6","T","b3","T","6M","T","1M","T","2","S","4","S","b6","S","b2","S","2M","S","4m","S","4M","S","5","D","7","D","b7","D","3M","D","5m","D","5M","D","")} -> TSTD TSTD | K39: {=_xlfn.SWITCH(K38&"","1","T","3","T","6","T","b3","T","6M","T","1M","T","2","S","4","S","b6","S","b2","S","2M","S","4m","S","4M","S","5","D","7","D","b7","D","3M","D","5m","D","5M","D","") & _xlfn.SWITCH(L38&"","1","T","3","T","6","T","b3","T","6M","T","1M","T","2","S","4","S","b6","S","b2","S","2M","S","4m","S","4M","S","5","D","7","D","b7","D","3M","D","5m","D","5M","D","") & _xlfn.SWITCH(M38&"","1","T","3","T","6","T","b3","T","6M","T","1M","T","2","S","4","S","b6","S","b2","S","2M","S","4m","S","4M","S","5","D","7","D","b7","D","3M","D","5m","D","5M","D","") & _xlfn.SWITCH(N38&"","1","T","3","T","6","T","b3","T","6M","T","1M","T","2","S","4","S","b6","S","b2","S","2M","S","4m","S","4M","S","5","D","7","D","b7","D","3M","D","5m","D","5M","D","") & " " & _xlfn.SWITCH(O38&"","1","T","3","T","6","T","b3","T","6M","T","1M","T","2","S","4","S","b6","S","b2","S","2M","S","4m","S","4M","S","5","D","7","D","b7","D","3M","D","5m","D","5M","D","") & _xlfn.SWITCH(P38&"","1","T","3","T","6","T","b3","T","6M","T","1M","T","2","S","4","S","b6","S","b2","S","2M","S","4m","S","4M","S","5","D","7","D","b7","D","3M","D","5m","D","5M","D","") & _xlfn.SWITCH(Q38&"","1","T","3","T","6","T","b3","T","6M","T","1M","T","2","S","4","S","b6","S","b2","S","2M","S","4m","S","4M","S","5","D","7","D","b7","D","3M","D","5m","D","5M","D","") & _xlfn.SWITCH(R38&"","1","T","3","T","6","T","b3","T","6M","T","1M","T","2","S","4","S","b6","S","b2","S","2M","S","4m","S","4M","S","5","D","7","D","b7","D","3M","D","5m","D","5M","D","")} -> TSTD TSTD | S39: {=_xlfn.SWITCH(S38&"","1","T","3","T","6","T","b3","T","6M","T","1M","T","2","S","4","S","b6","S","b2","S","2M","S","4m","S","4M","S","5","D","7","D","b7","D","3M","D","5m","D","5M","D","") & _xlfn.SWITCH(T38&"","1","T","3","T","6","T","b3","T","6M","T","1M","T","2","S","4","S","b6","S","b2","S","2M","S","4m","S","4M","S","5","D","7","D","b7","D","3M","D","5m","D","5M","D","") & _xlfn.SWITCH(U38&"","1","T","3","T","6","T","b3","T","6M","T","1M","T","2","S","4","S","b6","S","b2","S","2M","S","4m","S","4M","S","5","D","7","D","b7","D","3M","D","5m","D","5M","D","") & _xlfn.SWITCH(V38&"","1","T","3","T","6","T","b3","T","6M","T","1M","T","2","S","4","S","b6","S","b2","S","2M","S","4m","S","4M","S","5","D","7","D","b7","D","3M","D","5m","D","5M","D","") & " " & _xlfn.SWITCH(W38&"","1","T","3","T","6","T","b3","T","6M","T","1M","T","2","S","4","S","b6","S","b2","S","2M","S","4m","S","4M","S","5","D","7","D","b7","D","3M","D","5m","D","5M","D","") & _xlfn.SWITCH(X38&"","1","T","3","T","6","T","b3","T","6M","T","1M","T","2","S","4","S","b6","S","b2","S","2M","S","4m","S","4M","S","5","D","7","D","b7","D","3M","D","5m","D","5M","D","") & _xlfn.SWITCH(Y38&"","1","T","3","T","6","T","b3","T","6M","T","1M","T","2","S","4","S","b6","S","b2","S","2M","S","4m","S","4M","S","5","D","7","D","b7","D","3M","D","5m","D","5M","D","") & _xlfn.SWITCH(Z38&"","1","T","3","T","6","T","b3","T","6M","T","1M","T","2","S","4","S","b6","S","b2","S","2M","S","4m","S","4M","S","5","D","7","D","b7","D","3M","D","5m","D","5M","D","")} -> TSTD TSTD | AA39: {=_xlfn.SWITCH(AA38&"","1","T","3","T","6","T","b3","T","6M","T","1M","T","2","S","4","S","b6","S","b2","S","2M","S","4m","S","4M","S","5","D","7","D","b7","D","3M","D","5m","D","5M","D","") & _xlfn.SWITCH(AB38&"","1","T","3","T","6","T","b3","T","6M","T","1M","T","2","S","4","S","b6","S","b2","S","2M","S","4m","S","4M","S","5","D","7","D","b7","D","3M","D","5m","D","5M","D","") & _xlfn.SWITCH(AC38&"","1","T","3","T","6","T","b3","T","6M","T","1M","T","2","S","4","S","b6","S","b2","S","2M","S","4m","S","4M","S","5","D","7","D","b7","D","3M","D","5m","D","5M","D","") & _xlfn.SWITCH(AD38&"","1","T","3","T","6","T","b3","T","6M","T","1M","T","2","S","4","S","b6","S","b2","S","2M","S","4m","S","4M","S","5","D","7","D","b7","D","3M","D","5m","D","5M","D","") & " " & _xlfn.SWITCH(AE38&"","1","T","3","T","6","T","b3","T","6M","T","1M","T","2","S","4","S","b6","S","b2","S","2M","S","4m","S","4M","S","5","D","7","D","b7","D","3M","D","5m","D","5M","D","") & _xlfn.SWITCH(AF38&"","1","T","3","T","6","T","b3","T","6M","T","1M","T","2","S","4","S","b6","S","b2","S","2M","S","4m","S","4M","S","5","D","7","D","b7","D","3M","D","5m","D","5M","D","") & _xlfn.SWITCH(AG38&"","1","T","3","T","6","T","b3","T","6M","T","1M","T","2","S","4","S","b6","S","b2","S","2M","S","4m","S","4M","S","5","D","7","D","b7","D","3M","D","5m","D","5M","D","") & _xlfn.SWITCH(AH38&"","1","T","3","T","6","T","b3","T","6M","T","1M","T","2","S","4","S","b6","S","b2","S","2M","S","4m","S","4M","S","5","D","7","D","b7","D","3M","D","5m","D","5M","D","")} -> TSTD TSTD | AI39: {=_xlfn.SWITCH(AI38&"","1","T","3","T","6","T","b3","T","6M","T","1M","T","2","S","4","S","b6","S","b2","S","2M","S","4m","S","4M","S","5","D","7","D","b7","D","3M","D","5m","D","5M","D","") & _xlfn.SWITCH(AJ38&"","1","T","3","T","6","T","b3","T","6M","T","1M","T","2","S","4","S","b6","S","b2","S","2M","S","4m","S","4M","S","5","D","7","D","b7","D","3M","D","5m","D","5M","D","") & _xlfn.SWITCH(AK38&"","1","T","3","T","6","T","b3","T","6M","T","1M","T","2","S","4","S","b6","S","b2","S","2M","S","4m","S","4M","S","5","D","7","D","b7","D","3M","D","5m","D","5M","D","") & _xlfn.SWITCH(AL38&"","1","T","3","T","6","T","b3","T","6M","T","1M","T","2","S","4","S","b6","S","b2","S","2M","S","4m","S","4M","S","5","D","7","D","b7","D","3M","D","5m","D","5M","D","") & " " & _xlfn.SWITCH(AM38&"","1","T","3","T","6","T","b3","T","6M","T","1M","T","2","S","4","S","b6","S","b2","S","2M","S","4m","S","4M","S","5","D","7","D","b7","D","3M","D","5m","D","5M","D","") & _xlfn.SWITCH(AN38&"","1","T","3","T","6","T","b3","T","6M","T","1M","T","2","S","4","S","b6","S","b2","S","2M","S","4m","S","4M","S","5","D","7","D","b7","D","3M","D","5m","D","5M","D","") & _xlfn.SWITCH(AO38&"","1","T","3","T","6","T","b3","T","6M","T","1M","T","2","S","4","S","b6","S","b2","S","2M","S","4m","S","4M","S","5","D","7","D","b7","D","3M","D","5m","D","5M","D","") & _xlfn.SWITCH(AP38&"","1","T","3","T","6","T","b3","T","6M","T","1M","T","2","S","4","S","b6","S","b2","S","2M","S","4m","S","4M","S","5","D","7","D","b7","D","3M","D","5m","D","5M","D","")} -> TDDD DTTT | AQ39: {=_xlfn.SWITCH(AQ38&"","1","T","3","T","6","T","b3","T","6M","T","1M","T","2","S","4","S","b6","S","b2","S","2M","S","4m","S","4M","S","5","D","7","D","b7","D","3M","D","5m","D","5M","D","") & _xlfn.SWITCH(AR38&"","1","T","3","T","6","T","b3","T","6M","T","1M","T","2","S","4","S","b6","S","b2","S","2M","S","4m","S","4M","S","5","D","7","D","b7","D","3M","D","5m","D","5M","D","") & _xlfn.SWITCH(AS38&"","1","T","3","T","6","T","b3","T","6M","T","1M","T","2","S","4","S","b6","S","b2","S","2M","S","4m","S","4M","S","5","D","7","D","b7","D","3M","D","5m","D","5M","D","") & _xlfn.SWITCH(AT38&"","1","T","3","T","6","T","b3","T","6M","T","1M","T","2","S","4","S","b6","S","b2","S","2M","S","4m","S","4M","S","5","D","7","D","b7","D","3M","D","5m","D","5M","D","") & " " & _xlfn.SWITCH(AU38&"","1","T","3","T","6","T","b3","T","6M","T","1M","T","2","S","4","S","b6","S","b2","S","2M","S","4m","S","4M","S","5","D","7","D","b7","D","3M","D","5m","D","5M","D","") & _xlfn.SWITCH(AV38&"","1","T","3","T","6","T","b3","T","6M","T","1M","T","2","S","4","S","b6","S","b2","S","2M","S","4m","S","4M","S","5","D","7","D","b7","D","3M","D","5m","D","5M","D","") & _xlfn.SWITCH(AW38&"","1","T","3","T","6","T","b3","T","6M","T","1M","T","2","S","4","S","b6","S","b2","S","2M","S","4m","S","4M","S","5","D","7","D","b7","D","3M","D","5m","D","5M","D","") & _xlfn.SWITCH(AX38&"","1","T","3","T","6","T","b3","T","6M","T","1M","T","2","S","4","S","b6","S","b2","S","2M","S","4m","S","4M","S","5","D","7","D","b7","D","3M","D","5m","D","5M","D","")} -> TDDD DTTT | AY39: {=_xlfn.SWITCH(AY38&"","1","T","3","T","6","T","b3","T","6M","T","1M","T","2","S","4","S","b6","S","b2","S","2M","S","4m","S","4M","S","5","D","7","D","b7","D","3M","D","5m","D","5M","D","") & _xlfn.SWITCH(AZ38&"","1","T","3","T","6","T","b3","T","6M","T","1M","T","2","S","4","S","b6","S","b2","S","2M","S","4m","S","4M","S","5","D","7","D","b7","D","3M","D","5m","D","5M","D","") & _xlfn.SWITCH(BA38&"","1","T","3","T","6","T","b3","T","6M","T","1M","T","2","S","4","S","b6","S","b2","S","2M","S","4m","S","4M","S","5","D","7","D","b7","D","3M","D","5m","D","5M","D","") & _xlfn.SWITCH(BB38&"","1","T","3","T","6","T","b3","T","6M","T","1M","T","2","S","4","S","b6","S","b2","S","2M","S","4m","S","4M","S","5","D","7","D","b7","D","3M","D","5m","D","5M","D","") & " " & _xlfn.SWITCH(BC38&"","1","T","3","T","6","T","b3","T","6M","T","1M","T","2","S","4","S","b6","S","b2","S","2M","S","4m","S","4M","S","5","D","7","D","b7","D","3M","D","5m","D","5M","D","") & _xlfn.SWITCH(BD38&"","1","T","3","T","6","T","b3","T","6M","T","1M","T","2","S","4","S","b6","S","b2","S","2M","S","4m","S","4M","S","5","D","7","D","b7","D","3M","D","5m","D","5M","D","") & _xlfn.SWITCH(BE38&"","1","T","3","T","6","T","b3","T","6M","T","1M","T","2","S","4","S","b6","S","b2","S","2M","S","4m","S","4M","S","5","D","7","D","b7","D","3M","D","5m","D","5M","D","") & _xlfn.SWITCH(BF38&"","1","T","3","T","6","T","b3","T","6M","T","1M","T","2","S","4","S","b6","S","b2","S","2M","S","4m","S","4M","S","5","D","7","D","b7","D","3M","D","5m","D","5M","D","")} -> TSTD TSTD | BG39: {=_xlfn.SWITCH(BG38&"","1","T","3","T","6","T","b3","T","6M","T","1M","T","2","S","4","S","b6","S","b2","S","2M","S","4m","S","4M","S","5","D","7","D","b7","D","3M","D","5m","D","5M","D","") & _xlfn.SWITCH(BH38&"","1","T","3","T","6","T","b3","T","6M","T","1M","T","2","S","4","S","b6","S","b2","S","2M","S","4m","S","4M","S","5","D","7","D","b7","D","3M","D","5m","D","5M","D","") & _xlfn.SWITCH(BI38&"","1","T","3","T","6","T","b3","T","6M","T","1M","T","2","S","4","S","b6","S","b2","S","2M","S","4m","S","4M","S","5","D","7","D","b7","D","3M","D","5m","D","5M","D","") & _xlfn.SWITCH(BJ38&"","1","T","3","T","6","T","b3","T","6M","T","1M","T","2","S","4","S","b6","S","b2","S","2M","S","4m","S","4M","S","5","D","7","D","b7","D","3M","D","5m","D","5M","D","") & " " & _xlfn.SWITCH(BK38&"","1","T","3","T","6","T","b3","T","6M","T","1M","T","2","S","4","S","b6","S","b2","S","2M","S","4m","S","4M","S","5","D","7","D","b7","D","3M","D","5m","D","5M","D","") & _xlfn.SWITCH(BL38&"","1","T","3","T","6","T","b3","T","6M","T","1M","T","2","S","4","S","b6","S","b2","S","2M","S","4m","S","4M","S","5","D","7","D","b7","D","3M","D","5m","D","5M","D","") & _xlfn.SWITCH(BM38&"","1","T","3","T","6","T","b3","T","6M","T","1M","T","2","S","4","S","b6","S","b2","S","2M","S","4m","S","4M","S","5","D","7","D","b7","D","3M","D","5m","D","5M","D","") & _xlfn.SWITCH(BN38&"","1","T","3","T","6","T","b3","T","6M","T","1M","T","2","S","4","S","b6","S","b2","S","2M","S","4m","S","4M","S","5","D","7","D","b7","D","3M","D","5m","D","5M","D","")} -> TSTD TSTD
B40: 응응 (3:30) | C40: intro | K40: verse | S40: pre-chorus | AA40: chorus | AI40: post-chorus | AQ40: bridge | AY40: bridge | BG40: chorus3 | BO40: outro
B41: Fm | C41: Fm | D41: Fm | E41: Db | F41: Fm | G41: Fm | H41: Fm | I41: Db | J41: FM | K41: Fm | L41: Fm | M41: Fm | N41: Fm | O41: Db | P41: Db | Q41: Bbm | R41: Eb | S41: Fm | T41: Eb | U41: Db | V41: Bbm | W41: Fm | X41: Eb | Y41: DB | Z41: Bbm | AA41: Fm | AB41: Db | AC41: AB | AD41: Eb | AE41: Fm | AF41: Db | AG41: Ab | AH41: Eb | AI41: Fm | AJ41: Fm | AK41: Db | AL41: Fm | AM41: Fm | AN41: Fm | AO41: Db | AP41: FM | AQ41: Db | AR41: Db | AS41: Ab | AT41: Ab | AU41: Db | AV41: Db | AW41: Ab | AX41: Ab | AY41: Db | AZ41: Eb | BA41: Ab | BB41: Db | BC41: Bbm | BD41: Bbm | BE41: C | BF41: C | BG41: Fm | BH41: Fm | BI41: Db | BJ41: Fm | BK41: Fm | BL41: Fm | BM41: Db | BN41: FM | BO41: Fm | BP41: Fm | BQ41: Db | BR41: Fm | BS41: Fm | BT41: Fm | BU41: Db | BV41: FM
B42: 145 | C42: =IFERROR(INDEX('3세대 걸그룹'!$B$1:$Q$1, MATCH(C41, INDEX('3세대 걸그룹'!$B$2:$Q$13, MATCH($B41, '3세대 걸그룹'!$A$2:$A$13, 0), 0), 0)), IFERROR(INDEX('3세대 걸그룹'!$S$1:$AC$1, MATCH(C41, INDEX('3세대 걸그룹'!$S$2:$AC$13, MATCH($B41, '3세대 걸그룹'!$R$2:$R$13, 0), 0), 0)), "")) -> 1 | D42: =IFERROR(INDEX('3세대 걸그룹'!$B$1:$Q$1, MATCH(D41, INDEX('3세대 걸그룹'!$B$2:$Q$13, MATCH($B41, '3세대 걸그룹'!$A$2:$A$13, 0), 0), 0)), IFERROR(INDEX('3세대 걸그룹'!$S$1:$AC$1, MATCH(D41, INDEX('3세대 걸그룹'!$S$2:$AC$13, MATCH($B41, '3세대 걸그룹'!$R$2:$R$13, 0), 0), 0)), "")) -> 1 | E42: =IFERROR(INDEX('3세대 걸그룹'!$B$1:$Q$1, MATCH(E41, INDEX('3세대 걸그룹'!$B$2:$Q$13, MATCH($B41, '3세대 걸그룹'!$A$2:$A$13, 0), 0), 0)), IFERROR(INDEX('3세대 걸그룹'!$S$1:$AC$1, MATCH(E41, INDEX('3세대 걸그룹'!$S$2:$AC$13, MATCH($B41, '3세대 걸그룹'!$R$2:$R$13, 0), 0), 0)), "")) -> 6 | F42: =IFERROR(INDEX('3세대 걸그룹'!$B$1:$Q$1, MATCH(F41, INDEX('3세대 걸그룹'!$B$2:$Q$13, MATCH($B41, '3세대 걸그룹'!$A$2:$A$13, 0), 0), 0)), IFERROR(INDEX('3세대 걸그룹'!$S$1:$AC$1, MATCH(F41, INDEX('3세대 걸그룹'!$S$2:$AC$13, MATCH($B41, '3세대 걸그룹'!$R$2:$R$13, 0), 0), 0)), "")) -> 1 | G42: =IFERROR(INDEX('3세대 걸그룹'!$B$1:$Q$1, MATCH(G41, INDEX('3세대 걸그룹'!$B$2:$Q$13, MATCH($B41, '3세대 걸그룹'!$A$2:$A$13, 0), 0), 0)), IFERROR(INDEX('3세대 걸그룹'!$S$1:$AC$1, MATCH(G41, INDEX('3세대 걸그룹'!$S$2:$AC$13, MATCH($B41, '3세대 걸그룹'!$R$2:$R$13, 0), 0), 0)), "")) -> 1 | H42: =IFERROR(INDEX('3세대 걸그룹'!$B$1:$Q$1, MATCH(H41, INDEX('3세대 걸그룹'!$B$2:$Q$13, MATCH($B41, '3세대 걸그룹'!$A$2:$A$13, 0), 0), 0)), IFERROR(INDEX('3세대 걸그룹'!$S$1:$AC$1, MATCH(H41, INDEX('3세대 걸그룹'!$S$2:$AC$13, MATCH($B41, '3세대 걸그룹'!$R$2:$R$13, 0), 0), 0)), "")) -> 1 | I42: =IFERROR(INDEX('3세대 걸그룹'!$B$1:$Q$1, MATCH(I41, INDEX('3세대 걸그룹'!$B$2:$Q$13, MATCH($B41, '3세대 걸그룹'!$A$2:$A$13, 0), 0), 0)), IFERROR(INDEX('3세대 걸그룹'!$S$1:$AC$1, MATCH(I41, INDEX('3세대 걸그룹'!$S$2:$AC$13, MATCH($B41, '3세대 걸그룹'!$R$2:$R$13, 0), 0), 0)), "")) -> 6 | J42: =IFERROR(INDEX('3세대 걸그룹'!$B$1:$Q$1, MATCH(J41, INDEX('3세대 걸그룹'!$B$2:$Q$13, MATCH($B41, '3세대 걸그룹'!$A$2:$A$13, 0), 0), 0)), IFERROR(INDEX('3세대 걸그룹'!$S$1:$AC$1, MATCH(J41, INDEX('3세대 걸그룹'!$S$2:$AC$13, MATCH($B41, '3세대 걸그룹'!$R$2:$R$13, 0), 0), 0)), "")) -> 1 | ... BV42: =IFERROR(INDEX('3세대 걸그룹'!$B$1:$Q$1, MATCH(BV41, INDEX('3세대 걸그룹'!$B$2:$Q$13, MATCH($B41, '3세대 걸그룹'!$A$2:$A$13, 0), 0), 0)), IFERROR(INDEX('3세대 걸그룹'!$S$1:$AC$1, MATCH(BV41, INDEX('3세대 걸그룹'!$S$2:$AC$13, MATCH($B41, '3세대 걸그룹'!$R$2:$R$13, 0), 0), 0)), "")) -> 1
B43: 20190107 | C43: {=_xlfn.SWITCH(C42&"","1","T","3","T","6","T","b3","T","6M","T","1M","T","2","S","4","S","b6","S","b2","S","2M","S","4m","S","4M","S","5","D","7","D","b7","D","3M","D","5m","D","5M","D","") & _xlfn.SWITCH(D42&"","1","T","3","T","6","T","b3","T","6M","T","1M","T","2","S","4","S","b6","S","b2","S","2M","S","4m","S","4M","S","5","D","7","D","b7","D","3M","D","5m","D","5M","D","") & _xlfn.SWITCH(E42&"","1","T","3","T","6","T","b3","T","6M","T","1M","T","2","S","4","S","b6","S","b2","S","2M","S","4m","S","4M","S","5","D","7","D","b7","D","3M","D","5m","D","5M","D","") & _xlfn.SWITCH(F42&"","1","T","3","T","6","T","b3","T","6M","T","1M","T","2","S","4","S","b6","S","b2","S","2M","S","4m","S","4M","S","5","D","7","D","b7","D","3M","D","5m","D","5M","D","") & " " & _xlfn.SWITCH(G42&"","1","T","3","T","6","T","b3","T","6M","T","1M","T","2","S","4","S","b6","S","b2","S","2M","S","4m","S","4M","S","5","D","7","D","b7","D","3M","D","5m","D","5M","D","") & _xlfn.SWITCH(H42&"","1","T","3","T","6","T","b3","T","6M","T","1M","T","2","S","4","S","b6","S","b2","S","2M","S","4m","S","4M","S","5","D","7","D","b7","D","3M","D","5m","D","5M","D","") & _xlfn.SWITCH(I42&"","1","T","3","T","6","T","b3","T","6M","T","1M","T","2","S","4","S","b6","S","b2","S","2M","S","4m","S","4M","S","5","D","7","D","b7","D","3M","D","5m","D","5M","D","") & _xlfn.SWITCH(J42&"","1","T","3","T","6","T","b3","T","6M","T","1M","T","2","S","4","S","b6","S","b2","S","2M","S","4m","S","4M","S","5","D","7","D","b7","D","3M","D","5m","D","5M","D","")} -> TTTT TTTT | K43: {=_xlfn.SWITCH(K42&"","1","T","3","T","6","T","b3","T","6M","T","1M","T","2","S","4","S","b6","S","b2","S","2M","S","4m","S","4M","S","5","D","7","D","b7","D","3M","D","5m","D","5M","D","") & _xlfn.SWITCH(L42&"","1","T","3","T","6","T","b3","T","6M","T","1M","T","2","S","4","S","b6","S","b2","S","2M","S","4m","S","4M","S","5","D","7","D","b7","D","3M","D","5m","D","5M","D","") & _xlfn.SWITCH(M42&"","1","T","3","T","6","T","b3","T","6M","T","1M","T","2","S","4","S","b6","S","b2","S","2M","S","4m","S","4M","S","5","D","7","D","b7","D","3M","D","5m","D","5M","D","") & _xlfn.SWITCH(N42&"","1","T","3","T","6","T","b3","T","6M","T","1M","T","2","S","4","S","b6","S","b2","S","2M","S","4m","S","4M","S","5","D","7","D","b7","D","3M","D","5m","D","5M","D","") & " " & _xlfn.SWITCH(O42&"","1","T","3","T","6","T","b3","T","6M","T","1M","T","2","S","4","S","b6","S","b2","S","2M","S","4m","S","4M","S","5","D","7","D","b7","D","3M","D","5m","D","5M","D","") & _xlfn.SWITCH(P42&"","1","T","3","T","6","T","b3","T","6M","T","1M","T","2","S","4","S","b6","S","b2","S","2M","S","4m","S","4M","S","5","D","7","D","b7","D","3M","D","5m","D","5M","D","") & _xlfn.SWITCH(Q42&"","1","T","3","T","6","T","b3","T","6M","T","1M","T","2","S","4","S","b6","S","b2","S","2M","S","4m","S","4M","S","5","D","7","D","b7","D","3M","D","5m","D","5M","D","") & _xlfn.SWITCH(R42&"","1","T","3","T","6","T","b3","T","6M","T","1M","T","2","S","4","S","b6","S","b2","S","2M","S","4m","S","4M","S","5","D","7","D","b7","D","3M","D","5m","D","5M","D","")} -> TTTT TTSD | S43: {=_xlfn.SWITCH(S42&"","1","T","3","T","6","T","b3","T","6M","T","1M","T","2","S","4","S","b6","S","b2","S","2M","S","4m","S","4M","S","5","D","7","D","b7","D","3M","D","5m","D","5M","D","") & _xlfn.SWITCH(T42&"","1","T","3","T","6","T","b3","T","6M","T","1M","T","2","S","4","S","b6","S","b2","S","2M","S","4m","S","4M","S","5","D","7","D","b7","D","3M","D","5m","D","5M","D","") & _xlfn.SWITCH(U42&"","1","T","3","T","6","T","b3","T","6M","T","1M","T","2","S","4","S","b6","S","b2","S","2M","S","4m","S","4M","S","5","D","7","D","b7","D","3M","D","5m","D","5M","D","") & _xlfn.SWITCH(V42&"","1","T","3","T","6","T","b3","T","6M","T","1M","T","2","S","4","S","b6","S","b2","S","2M","S","4m","S","4M","S","5","D","7","D","b7","D","3M","D","5m","D","5M","D","") & " " & _xlfn.SWITCH(W42&"","1","T","3","T","6","T","b3","T","6M","T","1M","T","2","S","4","S","b6","S","b2","S","2M","S","4m","S","4M","S","5","D","7","D","b7","D","3M","D","5m","D","5M","D","") & _xlfn.SWITCH(X42&"","1","T","3","T","6","T","b3","T","6M","T","1M","T","2","S","4","S","b6","S","b2","S","2M","S","4m","S","4M","S","5","D","7","D","b7","D","3M","D","5m","D","5M","D","") & _xlfn.SWITCH(Y42&"","1","T","3","T","6","T","b3","T","6M","T","1M","T","2","S","4","S","b6","S","b2","S","2M","S","4m","S","4M","S","5","D","7","D","b7","D","3M","D","5m","D","5M","D","") & _xlfn.SWITCH(Z42&"","1","T","3","T","6","T","b3","T","6M","T","1M","T","2","S","4","S","b6","S","b2","S","2M","S","4m","S","4M","S","5","D","7","D","b7","D","3M","D","5m","D","5M","D","")} -> TDTS TDTS | AA43: {=_xlfn.SWITCH(AA42&"","1","T","3","T","6","T","b3","T","6M","T","1M","T","2","S","4","S","b6","S","b2","S","2M","S","4m","S","4M","S","5","D","7","D","b7","D","3M","D","5m","D","5M","D","") & _xlfn.SWITCH(AB42&"","1","T","3","T","6","T","b3","T","6M","T","1M","T","2","S","4","S","b6","S","b2","S","2M","S","4m","S","4M","S","5","D","7","D","b7","D","3M","D","5m","D","5M","D","") & _xlfn.SWITCH(AC42&"","1","T","3","T","6","T","b3","T","6M","T","1M","T","2","S","4","S","b6","S","b2","S","2M","S","4m","S","4M","S","5","D","7","D","b7","D","3M","D","5m","D","5M","D","") & _xlfn.SWITCH(AD42&"","1","T","3","T","6","T","b3","T","6M","T","1M","T","2","S","4","S","b6","S","b2","S","2M","S","4m","S","4M","S","5","D","7","D","b7","D","3M","D","5m","D","5M","D","") & " " & _xlfn.SWITCH(AE42&"","1","T","3","T","6","T","b3","T","6M","T","1M","T","2","S","4","S","b6","S","b2","S","2M","S","4m","S","4M","S","5","D","7","D","b7","D","3M","D","5m","D","5M","D","") & _xlfn.SWITCH(AF42&"","1","T","3","T","6","T","b3","T","6M","T","1M","T","2","S","4","S","b6","S","b2","S","2M","S","4m","S","4M","S","5","D","7","D","b7","D","3M","D","5m","D","5M","D","") & _xlfn.SWITCH(AG42&"","1","T","3","T","6","T","b3","T","6M","T","1M","T","2","S","4","S","b6","S","b2","S","2M","S","4m","S","4M","S","5","D","7","D","b7","D","3M","D","5m","D","5M","D","") & _xlfn.SWITCH(AH42&"","1","T","3","T","6","T","b3","T","6M","T","1M","T","2","S","4","S","b6","S","b2","S","2M","S","4m","S","4M","S","5","D","7","D","b7","D","3M","D","5m","D","5M","D","")} -> TTTD TTTD | AI43: {=_xlfn.SWITCH(AI42&"","1","T","3","T","6","T","b3","T","6M","T","1M","T","2","S","4","S","b6","S","b2","S","2M","S","4m","S","4M","S","5","D","7","D","b7","D","3M","D","5m","D","5M","D","") & _xlfn.SWITCH(AJ42&"","1","T","3","T","6","T","b3","T","6M","T","1M","T","2","S","4","S","b6","S","b2","S","2M","S","4m","S","4M","S","5","D","7","D","b7","D","3M","D","5m","D","5M","D","") & _xlfn.SWITCH(AK42&"","1","T","3","T","6","T","b3","T","6M","T","1M","T","2","S","4","S","b6","S","b2","S","2M","S","4m","S","4M","S","5","D","7","D","b7","D","3M","D","5m","D","5M","D","") & _xlfn.SWITCH(AL42&"","1","T","3","T","6","T","b3","T","6M","T","1M","T","2","S","4","S","b6","S","b2","S","2M","S","4m","S","4M","S","5","D","7","D","b7","D","3M","D","5m","D","5M","D","") & " " & _xlfn.SWITCH(AM42&"","1","T","3","T","6","T","b3","T","6M","T","1M","T","2","S","4","S","b6","S","b2","S","2M","S","4m","S","4M","S","5","D","7","D","b7","D","3M","D","5m","D","5M","D","") & _xlfn.SWITCH(AN42&"","1","T","3","T","6","T","b3","T","6M","T","1M","T","2","S","4","S","b6","S","b2","S","2M","S","4m","S","4M","S","5","D","7","D","b7","D","3M","D","5m","D","5M","D","") & _xlfn.SWITCH(AO42&"","1","T","3","T","6","T","b3","T","6M","T","1M","T","2","S","4","S","b6","S","b2","S","2M","S","4m","S","4M","S","5","D","7","D","b7","D","3M","D","5m","D","5M","D","") & _xlfn.SWITCH(AP42&"","1","T","3","T","6","T","b3","T","6M","T","1M","T","2","S","4","S","b6","S","b2","S","2M","S","4m","S","4M","S","5","D","7","D","b7","D","3M","D","5m","D","5M","D","")} -> TTTT TTTT | AQ43: {=_xlfn.SWITCH(AQ42&"","1","T","3","T","6","T","b3","T","6M","T","1M","T","2","S","4","S","b6","S","b2","S","2M","S","4m","S","4M","S","5","D","7","D","b7","D","3M","D","5m","D","5M","D","") & _xlfn.SWITCH(AR42&"","1","T","3","T","6","T","b3","T","6M","T","1M","T","2","S","4","S","b6","S","b2","S","2M","S","4m","S","4M","S","5","D","7","D","b7","D","3M","D","5m","D","5M","D","") & _xlfn.SWITCH(AS42&"","1","T","3","T","6","T","b3","T","6M","T","1M","T","2","S","4","S","b6","S","b2","S","2M","S","4m","S","4M","S","5","D","7","D","b7","D","3M","D","5m","D","5M","D","") & _xlfn.SWITCH(AT42&"","1","T","3","T","6","T","b3","T","6M","T","1M","T","2","S","4","S","b6","S","b2","S","2M","S","4m","S","4M","S","5","D","7","D","b7","D","3M","D","5m","D","5M","D","") & " " & _xlfn.SWITCH(AU42&"","1","T","3","T","6","T","b3","T","6M","T","1M","T","2","S","4","S","b6","S","b2","S","2M","S","4m","S","4M","S","5","D","7","D","b7","D","3M","D","5m","D","5M","D","") & _xlfn.SWITCH(AV42&"","1","T","3","T","6","T","b3","T","6M","T","1M","T","2","S","4","S","b6","S","b2","S","2M","S","4m","S","4M","S","5","D","7","D","b7","D","3M","D","5m","D","5M","D","") & _xlfn.SWITCH(AW42&"","1","T","3","T","6","T","b3","T","6M","T","1M","T","2","S","4","S","b6","S","b2","S","2M","S","4m","S","4M","S","5","D","7","D","b7","D","3M","D","5m","D","5M","D","") & _xlfn.SWITCH(AX42&"","1","T","3","T","6","T","b3","T","6M","T","1M","T","2","S","4","S","b6","S","b2","S","2M","S","4m","S","4M","S","5","D","7","D","b7","D","3M","D","5m","D","5M","D","")} -> TTTT TTTT | AY43: {=_xlfn.SWITCH(AY42&"","1","T","3","T","6","T","b3","T","6M","T","1M","T","2","S","4","S","b6","S","b2","S","2M","S","4m","S","4M","S","5","D","7","D","b7","D","3M","D","5m","D","5M","D","") & _xlfn.SWITCH(AZ42&"","1","T","3","T","6","T","b3","T","6M","T","1M","T","2","S","4","S","b6","S","b2","S","2M","S","4m","S","4M","S","5","D","7","D","b7","D","3M","D","5m","D","5M","D","") & _xlfn.SWITCH(BA42&"","1","T","3","T","6","T","b3","T","6M","T","1M","T","2","S","4","S","b6","S","b2","S","2M","S","4m","S","4M","S","5","D","7","D","b7","D","3M","D","5m","D","5M","D","") & _xlfn.SWITCH(BB42&"","1","T","3","T","6","T","b3","T","6M","T","1M","T","2","S","4","S","b6","S","b2","S","2M","S","4m","S","4M","S","5","D","7","D","b7","D","3M","D","5m","D","5M","D","") & " " & _xlfn.SWITCH(BC42&"","1","T","3","T","6","T","b3","T","6M","T","1M","T","2","S","4","S","b6","S","b2","S","2M","S","4m","S","4M","S","5","D","7","D","b7","D","3M","D","5m","D","5M","D","") & _xlfn.SWITCH(BD42&"","1","T","3","T","6","T","b3","T","6M","T","1M","T","2","S","4","S","b6","S","b2","S","2M","S","4m","S","4M","S","5","D","7","D","b7","D","3M","D","5m","D","5M","D","") & _xlfn.SWITCH(BE42&"","1","T","3","T","6","T","b3","T","6M","T","1M","T","2","S","4","S","b6","S","b2","S","2M","S","4m","S","4M","S","5","D","7","D","b7","D","3M","D","5m","D","5M","D","") & _xlfn.SWITCH(BF42&"","1","T","3","T","6","T","b3","T","6M","T","1M","T","2","S","4","S","b6","S","b2","S","2M","S","4m","S","4M","S","5","D","7","D","b7","D","3M","D","5m","D","5M","D","")} -> TDTT SSDD | BG43: {=_xlfn.SWITCH(BG42&"","1","T","3","T","6","T","b3","T","6M","T","1M","T","2","S","4","S","b6","S","b2","S","2M","S","4m","S","4M","S","5","D","7","D","b7","D","3M","D","5m","D","5M","D","") & _xlfn.SWITCH(BH42&"","1","T","3","T","6","T","b3","T","6M","T","1M","T","2","S","4","S","b6","S","b2","S","2M","S","4m","S","4M","S","5","D","7","D","b7","D","3M","D","5m","D","5M","D","") & _xlfn.SWITCH(BI42&"","1","T","3","T","6","T","b3","T","6M","T","1M","T","2","S","4","S","b6","S","b2","S","2M","S","4m","S","4M","S","5","D","7","D","b7","D","3M","D","5m","D","5M","D","") & _xlfn.SWITCH(BJ42&"","1","T","3","T","6","T","b3","T","6M","T","1M","T","2","S","4","S","b6","S","b2","S","2M","S","4m","S","4M","S","5","D","7","D","b7","D","3M","D","5m","D","5M","D","") & " " & _xlfn.SWITCH(BK42&"","1","T","3","T","6","T","b3","T","6M","T","1M","T","2","S","4","S","b6","S","b2","S","2M","S","4m","S","4M","S","5","D","7","D","b7","D","3M","D","5m","D","5M","D","") & _xlfn.SWITCH(BL42&"","1","T","3","T","6","T","b3","T","6M","T","1M","T","2","S","4","S","b6","S","b2","S","2M","S","4m","S","4M","S","5","D","7","D","b7","D","3M","D","5m","D","5M","D","") & _xlfn.SWITCH(BM42&"","1","T","3","T","6","T","b3","T","6M","T","1M","T","2","S","4","S","b6","S","b2","S","2M","S","4m","S","4M","S","5","D","7","D","b7","D","3M","D","5m","D","5M","D","") & _xlfn.SWITCH(BN42&"","1","T","3","T","6","T","b3","T","6M","T","1M","T","2","S","4","S","b6","S","b2","S","2M","S","4m","S","4M","S","5","D","7","D","b7","D","3M","D","5m","D","5M","D","")} -> TTTT TTTT | BO43: {=_xlfn.SWITCH(BO42&"","1","T","3","T","6","T","b3","T","6M","T","1M","T","2","S","4","S","b6","S","b2","S","2M","S","4m","S","4M","S","5","D","7","D","b7","D","3M","D","5m","D","5M","D","") & _xlfn.SWITCH(BP42&"","1","T","3","T","6","T","b3","T","6M","T","1M","T","2","S","4","S","b6","S","b2","S","2M","S","4m","S","4M","S","5","D","7","D","b7","D","3M","D","5m","D","5M","D","") & _xlfn.SWITCH(BQ42&"","1","T","3","T","6","T","b3","T","6M","T","1M","T","2","S","4","S","b6","S","b2","S","2M","S","4m","S","4M","S","5","D","7","D","b7","D","3M","D","5m","D","5M","D","") & _xlfn.SWITCH(BR42&"","1","T","3","T","6","T","b3","T","6M","T","1M","T","2","S","4","S","b6","S","b2","S","2M","S","4m","S","4M","S","5","D","7","D","b7","D","3M","D","5m","D","5M","D","") & " " & _xlfn.SWITCH(BS42&"","1","T","3","T","6","T","b3","T","6M","T","1M","T","2","S","4","S","b6","S","b2","S","2M","S","4m","S","4M","S","5","D","7","D","b7","D","3M","D","5m","D","5M","D","") & _xlfn.SWITCH(BT42&"","1","T","3","T","6","T","b3","T","6M","T","1M","T","2","S","4","S","b6","S","b2","S","2M","S","4m","S","4M","S","5","D","7","D","b7","D","3M","D","5m","D","5M","D","") & _xlfn.SWITCH(BU42&"","1","T","3","T","6","T","b3","T","6M","T","1M","T","2","S","4","S","b6","S","b2","S","2M","S","4m","S","4M","S","5","D","7","D","b7","D","3M","D","5m","D","5M","D","") & _xlfn.SWITCH(BV42&"","1","T","3","T","6","T","b3","T","6M","T","1M","T","2","S","4","S","b6","S","b2","S","2M","S","4m","S","4M","S","5","D","7","D","b7","D","3M","D","5m","D","5M","D","")} -> TTTT TTTT
A44: 2NE1 | B44: Come Back Home (3:50) | C44: intro | K44: verse | S44: pre-chorus | AA44: chorus | AI44: post-chorus | AQ44: brake-down | AY44: chorus3
B45: Cm | C45: Cm | D45: Cm | E45: Bb | F45: Bb | G45: Eb | H45: Bb | I45: Ab | J45: Ab | K45: Cm | L45: Cm | M45: Bb | N45: Bb | O45: Eb | P45: Bb | Q45: Ab | R45: Ab | S45: Fm | T45: Bb | U45: Eb | V45: Ab | W45: Fm | X45: Bb | Y45: Cm | Z45: Cm | AA45: Ab | AB45: Ab | AC45: Eb | AD45: Eb | AE45: G | AF45: G | AG45: Cm | AH45: Eb | AI45: Cm | AJ45: Cm | AK45: Cm | AL45: Cm | AM45: Cm | AN45: Cm | AO45: Cm | AP45: Cm | AQ45: Ab | AR45: Ab | AS45: Eb | AT45: Eb | AU45: G | AV45: G | AW45: Cm | AX45: Eb | AY45: Ab | AZ45: Ab | BA45: Eb | BB45: Eb | BC45: G | BD45: G | BE45: Ab | BF45: Ab
B46: 150 | C46: =IFERROR(INDEX($B$1:$Q$1, MATCH(C45, INDEX($B$2:$Q$13, MATCH($B45, $A$2:$A$13, 0), 0), 0)), IFERROR(INDEX($S$1:$AC$1, MATCH(C45, INDEX($S$2:$AC$13, MATCH($B45, $R$2:$R$13, 0), 0), 0)), "")) -> 1 | D46: =IFERROR(INDEX($B$1:$Q$1, MATCH(D45, INDEX($B$2:$Q$13, MATCH($B45, $A$2:$A$13, 0), 0), 0)), IFERROR(INDEX($S$1:$AC$1, MATCH(D45, INDEX($S$2:$AC$13, MATCH($B45, $R$2:$R$13, 0), 0), 0)), "")) -> 1 | E46: =IFERROR(INDEX($B$1:$Q$1, MATCH(E45, INDEX($B$2:$Q$13, MATCH($B45, $A$2:$A$13, 0), 0), 0)), IFERROR(INDEX($S$1:$AC$1, MATCH(E45, INDEX($S$2:$AC$13, MATCH($B45, $R$2:$R$13, 0), 0), 0)), "")) -> 7 | F46: =IFERROR(INDEX($B$1:$Q$1, MATCH(F45, INDEX($B$2:$Q$13, MATCH($B45, $A$2:$A$13, 0), 0), 0)), IFERROR(INDEX($S$1:$AC$1, MATCH(F45, INDEX($S$2:$AC$13, MATCH($B45, $R$2:$R$13, 0), 0), 0)), "")) -> 7 | G46: =IFERROR(INDEX($B$1:$Q$1, MATCH(G45, INDEX($B$2:$Q$13, MATCH($B45, $A$2:$A$13, 0), 0), 0)), IFERROR(INDEX($S$1:$AC$1, MATCH(G45, INDEX($S$2:$AC$13, MATCH($B45, $R$2:$R$13, 0), 0), 0)), "")) -> 3 | H46: =IFERROR(INDEX($B$1:$Q$1, MATCH(H45, INDEX($B$2:$Q$13, MATCH($B45, $A$2:$A$13, 0), 0), 0)), IFERROR(INDEX($S$1:$AC$1, MATCH(H45, INDEX($S$2:$AC$13, MATCH($B45, $R$2:$R$13, 0), 0), 0)), "")) -> 7 | I46: =IFERROR(INDEX($B$1:$Q$1, MATCH(I45, INDEX($B$2:$Q$13, MATCH($B45, $A$2:$A$13, 0), 0), 0)), IFERROR(INDEX($S$1:$AC$1, MATCH(I45, INDEX($S$2:$AC$13, MATCH($B45, $R$2:$R$13, 0), 0), 0)), "")) -> 6 | J46: =IFERROR(INDEX($B$1:$Q$1, MATCH(J45, INDEX($B$2:$Q$13, MATCH($B45, $A$2:$A$13, 0), 0), 0)), IFERROR(INDEX($S$1:$AC$1, MATCH(J45, INDEX($S$2:$AC$13, MATCH($B45, $R$2:$R$13, 0), 0), 0)), "")) -> 6 | ... BF46: =IFERROR(INDEX($B$1:$Q$1, MATCH(BF45, INDEX($B$2:$Q$13, MATCH($B45, $A$2:$A$13, 0), 0), 0)), IFERROR(INDEX($S$1:$AC$1, MATCH(BF45, INDEX($S$2:$AC$13, MATCH($B45, $R$2:$R$13, 0), 0), 0)), "")) -> 6
B47: 2014.02.27 | C47: {=_xlfn.SWITCH(C46&"","1","T","3","T","6","T","b3","T","6M","T","1M","T","2","S","4","S","b6","S","b2","S","2M","S","4m","S","4M","S","5","D","7","D","b7","D","3M","D","5m","D","5M","D","") & _xlfn.SWITCH(D46&"","1","T","3","T","6","T","b3","T","6M","T","1M","T","2","S","4","S","b6","S","b2","S","2M","S","4m","S","4M","S","5","D","7","D","b7","D","3M","D","5m","D","5M","D","") & _xlfn.SWITCH(E46&"","1","T","3","T","6","T","b3","T","6M","T","1M","T","2","S","4","S","b6","S","b2","S","2M","S","4m","S","4M","S","5","D","7","D","b7","D","3M","D","5m","D","5M","D","") & _xlfn.SWITCH(F46&"","1","T","3","T","6","T","b3","T","6M","T","1M","T","2","S","4","S","b6","S","b2","S","2M","S","4m","S","4M","S","5","D","7","D","b7","D","3M","D","5m","D","5M","D","") & " " & _xlfn.SWITCH(G46&"","1","T","3","T","6","T","b3","T","6M","T","1M","T","2","S","4","S","b6","S","b2","S","2M","S","4m","S","4M","S","5","D","7","D","b7","D","3M","D","5m","D","5M","D","") & _xlfn.SWITCH(H46&"","1","T","3","T","6","T","b3","T","6M","T","1M","T","2","S","4","S","b6","S","b2","S","2M","S","4m","S","4M","S","5","D","7","D","b7","D","3M","D","5m","D","5M","D","") & _xlfn.SWITCH(I46&"","1","T","3","T","6","T","b3","T","6M","T","1M","T","2","S","4","S","b6","S","b2","S","2M","S","4m","S","4M","S","5","D","7","D","b7","D","3M","D","5m","D","5M","D","") & _xlfn.SWITCH(J46&"","1","T","3","T","6","T","b3","T","6M","T","1M","T","2","S","4","S","b6","S","b2","S","2M","S","4m","S","4M","S","5","D","7","D","b7","D","3M","D","5m","D","5M","D","")} -> TTDD TDTT | K47: {=_xlfn.SWITCH(K46&"","1","T","3","T","6","T","b3","T","6M","T","1M","T","2","S","4","S","b6","S","b2","S","2M","S","4m","S","4M","S","5","D","7","D","b7","D","3M","D","5m","D","5M","D","") & _xlfn.SWITCH(L46&"","1","T","3","T","6","T","b3","T","6M","T","1M","T","2","S","4","S","b6","S","b2","S","2M","S","4m","S","4M","S","5","D","7","D","b7","D","3M","D","5m","D","5M","D","") & _xlfn.SWITCH(M46&"","1","T","3","T","6","T","b3","T","6M","T","1M","T","2","S","4","S","b6","S","b2","S","2M","S","4m","S","4M","S","5","D","7","D","b7","D","3M","D","5m","D","5M","D","") & _xlfn.SWITCH(N46&"","1","T","3","T","6","T","b3","T","6M","T","1M","T","2","S","4","S","b6","S","b2","S","2M","S","4m","S","4M","S","5","D","7","D","b7","D","3M","D","5m","D","5M","D","") & " " & _xlfn.SWITCH(O46&"","1","T","3","T","6","T","b3","T","6M","T","1M","T","2","S","4","S","b6","S","b2","S","2M","S","4m","S","4M","S","5","D","7","D","b7","D","3M","D","5m","D","5M","D","") & _xlfn.SWITCH(P46&"","1","T","3","T","6","T","b3","T","6M","T","1M","T","2","S","4","S","b6","S","b2","S","2M","S","4m","S","4M","S","5","D","7","D","b7","D","3M","D","5m","D","5M","D","") & _xlfn.SWITCH(Q46&"","1","T","3","T","6","T","b3","T","6M","T","1M","T","2","S","4","S","b6","S","b2","S","2M","S","4m","S","4M","S","5","D","7","D","b7","D","3M","D","5m","D","5M","D","") & _xlfn.SWITCH(R46&"","1","T","3","T","6","T","b3","T","6M","T","1M","T","2","S","4","S","b6","S","b2","S","2M","S","4m","S","4M","S","5","D","7","D","b7","D","3M","D","5m","D","5M","D","")} -> TTDD TDTT | S47: {=_xlfn.SWITCH(S46&"","1","T","3","T","6","T","b3","T","6M","T","1M","T","2","S","4","S","b6","S","b2","S","2M","S","4m","S","4M","S","5","D","7","D","b7","D","3M","D","5m","D","5M","D","") & _xlfn.SWITCH(T46&"","1","T","3","T","6","T","b3","T","6M","T","1M","T","2","S","4","S","b6","S","b2","S","2M","S","4m","S","4M","S","5","D","7","D","b7","D","3M","D","5m","D","5M","D","") & _xlfn.SWITCH(U46&"","1","T","3","T","6","T","b3","T","6M","T","1M","T","2","S","4","S","b6","S","b2","S","2M","S","4m","S","4M","S","5","D","7","D","b7","D","3M","D","5m","D","5M","D","") & _xlfn.SWITCH(V46&"","1","T","3","T","6","T","b3","T","6M","T","1M","T","2","S","4","S","b6","S","b2","S","2M","S","4m","S","4M","S","5","D","7","D","b7","D","3M","D","5m","D","5M","D","") & " " & _xlfn.SWITCH(W46&"","1","T","3","T","6","T","b3","T","6M","T","1M","T","2","S","4","S","b6","S","b2","S","2M","S","4m","S","4M","S","5","D","7","D","b7","D","3M","D","5m","D","5M","D","") & _xlfn.SWITCH(X46&"","1","T","3","T","6","T","b3","T","6M","T","1M","T","2","S","4","S","b6","S","b2","S","2M","S","4m","S","4M","S","5","D","7","D","b7","D","3M","D","5m","D","5M","D","") & _xlfn.SWITCH(Y46&"","1","T","3","T","6","T","b3","T","6M","T","1M","T","2","S","4","S","b6","S","b2","S","2M","S","4m","S","4M","S","5","D","7","D","b7","D","3M","D","5m","D","5M","D","") & _xlfn.SWITCH(Z46&"","1","T","3","T","6","T","b3","T","6M","T","1M","T","2","S","4","S","b6","S","b2","S","2M","S","4m","S","4M","S","5","D","7","D","b7","D","3M","D","5m","D","5M","D","")} -> SDTT SDTT | AA47: {=_xlfn.SWITCH(AA46&"","1","T","3","T","6","T","b3","T","6M","T","1M","T","2","S","4","S","b6","S","b2","S","2M","S","4m","S","4M","S","5","D","7","D","b7","D","3M","D","5m","D","5M","D","") & _xlfn.SWITCH(AB46&"","1","T","3","T","6","T","b3","T","6M","T","1M","T","2","S","4","S","b6","S","b2","S","2M","S","4m","S","4M","S","5","D","7","D","b7","D","3M","D","5m","D","5M","D","") & _xlfn.SWITCH(AC46&"","1","T","3","T","6","T","b3","T","6M","T","1M","T","2","S","4","S","b6","S","b2","S","2M","S","4m","S","4M","S","5","D","7","D","b7","D","3M","D","5m","D","5M","D","") & _xlfn.SWITCH(AD46&"","1","T","3","T","6","T","b3","T","6M","T","1M","T","2","S","4","S","b6","S","b2","S","2M","S","4m","S","4M","S","5","D","7","D","b7","D","3M","D","5m","D","5M","D","") & " " & _xlfn.SWITCH(AE46&"","1","T","3","T","6","T","b3","T","6M","T","1M","T","2","S","4","S","b6","S","b2","S","2M","S","4m","S","4M","S","5","D","7","D","b7","D","3M","D","5m","D","5M","D","") & _xlfn.SWITCH(AF46&"","1","T","3","T","6","T","b3","T","6M","T","1M","T","2","S","4","S","b6","S","b2","S","2M","S","4m","S","4M","S","5","D","7","D","b7","D","3M","D","5m","D","5M","D","") & _xlfn.SWITCH(AG46&"","1","T","3","T","6","T","b3","T","6M","T","1M","T","2","S","4","S","b6","S","b2","S","2M","S","4m","S","4M","S","5","D","7","D","b7","D","3M","D","5m","D","5M","D","") & _xlfn.SWITCH(AH46&"","1","T","3","T","6","T","b3","T","6M","T","1M","T","2","S","4","S","b6","S","b2","S","2M","S","4m","S","4M","S","5","D","7","D","b7","D","3M","D","5m","D","5M","D","")} -> TTTT DDTT | AI47: {=_xlfn.SWITCH(AI46&"","1","T","3","T","6","T","b3","T","6M","T","1M","T","2","S","4","S","b6","S","b2","S","2M","S","4m","S","4M","S","5","D","7","D","b7","D","3M","D","5m","D","5M","D","") & _xlfn.SWITCH(AJ46&"","1","T","3","T","6","T","b3","T","6M","T","1M","T","2","S","4","S","b6","S","b2","S","2M","S","4m","S","4M","S","5","D","7","D","b7","D","3M","D","5m","D","5M","D","") & _xlfn.SWITCH(AK46&"","1","T","3","T","6","T","b3","T","6M","T","1M","T","2","S","4","S","b6","S","b2","S","2M","S","4m","S","4M","S","5","D","7","D","b7","D","3M","D","5m","D","5M","D","") & _xlfn.SWITCH(AL46&"","1","T","3","T","6","T","b3","T","6M","T","1M","T","2","S","4","S","b6","S","b2","S","2M","S","4m","S","4M","S","5","D","7","D","b7","D","3M","D","5m","D","5M","D","") & " " & _xlfn.SWITCH(AM46&"","1","T","3","T","6","T","b3","T","6M","T","1M","T","2","S","4","S","b6","S","b2","S","2M","S","4m","S","4M","S","5","D","7","D","b7","D","3M","D","5m","D","5M","D","") & _xlfn.SWITCH(AN46&"","1","T","3","T","6","T","b3","T","6M","T","1M","T","2","S","4","S","b6","S","b2","S","2M","S","4m","S","4M","S","5","D","7","D","b7","D","3M","D","5m","D","5M","D","") & _xlfn.SWITCH(AO46&"","1","T","3","T","6","T","b3","T","6M","T","1M","T","2","S","4","S","b6","S","b2","S","2M","S","4m","S","4M","S","5","D","7","D","b7","D","3M","D","5m","D","5M","D","") & _xlfn.SWITCH(AP46&"","1","T","3","T","6","T","b3","T","6M","T","1M","T","2","S","4","S","b6","S","b2","S","2M","S","4m","S","4M","S","5","D","7","D","b7","D","3M","D","5m","D","5M","D","")} -> TTTT TTTT | AQ47: {=_xlfn.SWITCH(AQ46&"","1","T","3","T","6","T","b3","T","6M","T","1M","T","2","S","4","S","b6","S","b2","S","2M","S","4m","S","4M","S","5","D","7","D","b7","D","3M","D","5m","D","5M","D","") & _xlfn.SWITCH(AR46&"","1","T","3","T","6","T","b3","T","6M","T","1M","T","2","S","4","S","b6","S","b2","S","2M","S","4m","S","4M","S","5","D","7","D","b7","D","3M","D","5m","D","5M","D","") & _xlfn.SWITCH(AS46&"","1","T","3","T","6","T","b3","T","6M","T","1M","T","2","S","4","S","b6","S","b2","S","2M","S","4m","S","4M","S","5","D","7","D","b7","D","3M","D","5m","D","5M","D","") & _xlfn.SWITCH(AT46&"","1","T","3","T","6","T","b3","T","6M","T","1M","T","2","S","4","S","b6","S","b2","S","2M","S","4m","S","4M","S","5","D","7","D","b7","D","3M","D","5m","D","5M","D","") & " " & _xlfn.SWITCH(AU46&"","1","T","3","T","6","T","b3","T","6M","T","1M","T","2","S","4","S","b6","S","b2","S","2M","S","4m","S","4M","S","5","D","7","D","b7","D","3M","D","5m","D","5M","D","") & _xlfn.SWITCH(AV46&"","1","T","3","T","6","T","b3","T","6M","T","1M","T","2","S","4","S","b6","S","b2","S","2M","S","4m","S","4M","S","5","D","7","D","b7","D","3M","D","5m","D","5M","D","") & _xlfn.SWITCH(AW46&"","1","T","3","T","6","T","b3","T","6M","T","1M","T","2","S","4","S","b6","S","b2","S","2M","S","4m","S","4M","S","5","D","7","D","b7","D","3M","D","5m","D","5M","D","") & _xlfn.SWITCH(AX46&"","1","T","3","T","6","T","b3","T","6M","T","1M","T","2","S","4","S","b6","S","b2","S","2M","S","4m","S","4M","S","5","D","7","D","b7","D","3M","D","5m","D","5M","D","")} -> TTTT DDTT | AY47: {=_xlfn.SWITCH(AY46&"","1","T","3","T","6","T","b3","T","6M","T","1M","T","2","S","4","S","b6","S","b2","S","2M","S","4m","S","4M","S","5","D","7","D","b7","D","3M","D","5m","D","5M","D","") & _xlfn.SWITCH(AZ46&"","1","T","3","T","6","T","b3","T","6M","T","1M","T","2","S","4","S","b6","S","b2","S","2M","S","4m","S","4M","S","5","D","7","D","b7","D","3M","D","5m","D","5M","D","") & _xlfn.SWITCH(BA46&"","1","T","3","T","6","T","b3","T","6M","T","1M","T","2","S","4","S","b6","S","b2","S","2M","S","4m","S","4M","S","5","D","7","D","b7","D","3M","D","5m","D","5M","D","") & _xlfn.SWITCH(BB46&"","1","T","3","T","6","T","b3","T","6M","T","1M","T","2","S","4","S","b6","S","b2","S","2M","S","4m","S","4M","S","5","D","7","D","b7","D","3M","D","5m","D","5M","D","") & " " & _xlfn.SWITCH(BC46&"","1","T","3","T","6","T","b3","T","6M","T","1M","T","2","S","4","S","b6","S","b2","S","2M","S","4m","S","4M","S","5","D","7","D","b7","D","3M","D","5m","D","5M","D","") & _xlfn.SWITCH(BD46&"","1","T","3","T","6","T","b3","T","6M","T","1M","T","2","S","4","S","b6","S","b2","S","2M","S","4m","S","4M","S","5","D","7","D","b7","D","3M","D","5m","D","5M","D","") & _xlfn.SWITCH(BE46&"","1","T","3","T","6","T","b3","T","6M","T","1M","T","2","S","4","S","b6","S","b2","S","2M","S","4m","S","4M","S","5","D","7","D","b7","D","3M","D","5m","D","5M","D","") & _xlfn.SWITCH(BF46&"","1","T","3","T","6","T","b3","T","6M","T","1M","T","2","S","4","S","b6","S","b2","S","2M","S","4m","S","4M","S","5","D","7","D","b7","D","3M","D","5m","D","5M","D","")} -> TTTT DDTT
C48: intro | K48: verse | S48: pre-chorus | AA48: chorus | AI48: bridge
C50: =IFERROR(INDEX($B$1:$Q$1, MATCH(C49, INDEX($B$2:$Q$13, MATCH($B49, $A$2:$A$13, 0), 0), 0)), IFERROR(INDEX($S$1:$AC$1, MATCH(C49, INDEX($S$2:$AC$13, MATCH($B49, $R$2:$R$13, 0), 0), 0)), "")) | D50: =IFERROR(INDEX($B$1:$Q$1, MATCH(D49, INDEX($B$2:$Q$13, MATCH($B49, $A$2:$A$13, 0), 0), 0)), IFERROR(INDEX($S$1:$AC$1, MATCH(D49, INDEX($S$2:$AC$13, MATCH($B49, $R$2:$R$13, 0), 0), 0)), "")) | E50: =IFERROR(INDEX($B$1:$Q$1, MATCH(E49, INDEX($B$2:$Q$13, MATCH($B49, $A$2:$A$13, 0), 0), 0)), IFERROR(INDEX($S$1:$AC$1, MATCH(E49, INDEX($S$2:$AC$13, MATCH($B49, $R$2:$R$13, 0), 0), 0)), "")) | F50: =IFERROR(INDEX($B$1:$Q$1, MATCH(F49, INDEX($B$2:$Q$13, MATCH($B49, $A$2:$A$13, 0), 0), 0)), IFERROR(INDEX($S$1:$AC$1, MATCH(F49, INDEX($S$2:$AC$13, MATCH($B49, $R$2:$R$13, 0), 0), 0)), "")) | G50: =IFERROR(INDEX($B$1:$Q$1, MATCH(G49, INDEX($B$2:$Q$13, MATCH($B49, $A$2:$A$13, 0), 0), 0)), IFERROR(INDEX($S$1:$AC$1, MATCH(G49, INDEX($S$2:$AC$13, MATCH($B49, $R$2:$R$13, 0), 0), 0)), "")) | H50: =IFERROR(INDEX($B$1:$Q$1, MATCH(H49, INDEX($B$2:$Q$13, MATCH($B49, $A$2:$A$13, 0), 0), 0)), IFERROR(INDEX($S$1:$AC$1, MATCH(H49, INDEX($S$2:$AC$13, MATCH($B49, $R$2:$R$13, 0), 0), 0)), "")) | I50: =IFERROR(INDEX($B$1:$Q$1, MATCH(I49, INDEX($B$2:$Q$13, MATCH($B49, $A$2:$A$13, 0), 0), 0)), IFERROR(INDEX($S$1:$AC$1, MATCH(I49, INDEX($S$2:$AC$13, MATCH($B49, $R$2:$R$13, 0), 0), 0)), "")) | J50: =IFERROR(INDEX($B$1:$Q$1, MATCH(J49, INDEX($B$2:$Q$13, MATCH($B49, $A$2:$A$13, 0), 0), 0)), IFERROR(INDEX($S$1:$AC$1, MATCH(J49, INDEX($S$2:$AC$13, MATCH($B49, $R$2:$R$13, 0), 0), 0)), "")) | ... AP50: =IFERROR(INDEX($B$1:$Q$1, MATCH(AP49, INDEX($B$2:$Q$13, MATCH($B49, $A$2:$A$13, 0), 0), 0)), IFERROR(INDEX($S$1:$AC$1, MATCH(AP49, INDEX($S$2:$AC$13, MATCH($B49, $R$2:$R$13, 0), 0), 0)), ""))
C51: {=_xlfn.SWITCH(C50&"","1","T","3","T","6","T","b3","T","6M","T","1M","T","2","S","4","S","b6","S","b2","S","2M","S","4m","S","4M","S","5","D","7","D","b7","D","3M","D","5m","D","5M","D","") & _xlfn.SWITCH(D50&"","1","T","3","T","6","T","b3","T","6M","T","1M","T","2","S","4","S","b6","S","b2","S","2M","S","4m","S","4M","S","5","D","7","D","b7","D","3M","D","5m","D","5M","D","") & _xlfn.SWITCH(E50&"","1","T","3","T","6","T","b3","T","6M","T","1M","T","2","S","4","S","b6","S","b2","S","2M","S","4m","S","4M","S","5","D","7","D","b7","D","3M","D","5m","D","5M","D","") & _xlfn.SWITCH(F50&"","1","T","3","T","6","T","b3","T","6M","T","1M","T","2","S","4","S","b6","S","b2","S","2M","S","4m","S","4M","S","5","D","7","D","b7","D","3M","D","5m","D","5M","D","") & " " & _xlfn.SWITCH(G50&"","1","T","3","T","6","T","b3","T","6M","T","1M","T","2","S","4","S","b6","S","b2","S","2M","S","4m","S","4M","S","5","D","7","D","b7","D","3M","D","5m","D","5M","D","") & _xlfn.SWITCH(H50&"","1","T","3","T","6","T","b3","T","6M","T","1M","T","2","S","4","S","b6","S","b2","S","2M","S","4m","S","4M","S","5","D","7","D","b7","D","3M","D","5m","D","5M","D","") & _xlfn.SWITCH(I50&"","1","T","3","T","6","T","b3","T","6M","T","1M","T","2","S","4","S","b6","S","b2","S","2M","S","4m","S","4M","S","5","D","7","D","b7","D","3M","D","5m","D","5M","D","") & _xlfn.SWITCH(J50&"","1","T","3","T","6","T","b3","T","6M","T","1M","T","2","S","4","S","b6","S","b2","S","2M","S","4m","S","4M","S","5","D","7","D","b7","D","3M","D","5m","D","5M","D","")} | K51: {=_xlfn.SWITCH(K50&"","1","T","3","T","6","T","b3","T","6M","T","1M","T","2","S","4","S","b6","S","b2","S","2M","S","4m","S","4M","S","5","D","7","D","b7","D","3M","D","5m","D","5M","D","") & _xlfn.SWITCH(L50&"","1","T","3","T","6","T","b3","T","6M","T","1M","T","2","S","4","S","b6","S","b2","S","2M","S","4m","S","4M","S","5","D","7","D","b7","D","3M","D","5m","D","5M","D","") & _xlfn.SWITCH(M50&"","1","T","3","T","6","T","b3","T","6M","T","1M","T","2","S","4","S","b6","S","b2","S","2M","S","4m","S","4M","S","5","D","7","D","b7","D","3M","D","5m","D","5M","D","") & _xlfn.SWITCH(N50&"","1","T","3","T","6","T","b3","T","6M","T","1M","T","2","S","4","S","b6","S","b2","S","2M","S","4m","S","4M","S","5","D","7","D","b7","D","3M","D","5m","D","5M","D","") & " " & _xlfn.SWITCH(O50&"","1","T","3","T","6","T","b3","T","6M","T","1M","T","2","S","4","S","b6","S","b2","S","2M","S","4m","S","4M","S","5","D","7","D","b7","D","3M","D","5m","D","5M","D","") & _xlfn.SWITCH(P50&"","1","T","3","T","6","T","b3","T","6M","T","1M","T","2","S","4","S","b6","S","b2","S","2M","S","4m","S","4M","S","5","D","7","D","b7","D","3M","D","5m","D","5M","D","") & _xlfn.SWITCH(Q50&"","1","T","3","T","6","T","b3","T","6M","T","1M","T","2","S","4","S","b6","S","b2","S","2M","S","4m","S","4M","S","5","D","7","D","b7","D","3M","D","5m","D","5M","D","") & _xlfn.SWITCH(R50&"","1","T","3","T","6","T","b3","T","6M","T","1M","T","2","S","4","S","b6","S","b2","S","2M","S","4m","S","4M","S","5","D","7","D","b7","D","3M","D","5m","D","5M","D","")} | S51: {=_xlfn.SWITCH(S50&"","1","T","3","T","6","T","b3","T","6M","T","1M","T","2","S","4","S","b6","S","b2","S","2M","S","4m","S","4M","S","5","D","7","D","b7","D","3M","D","5m","D","5M","D","") & _xlfn.SWITCH(T50&"","1","T","3","T","6","T","b3","T","6M","T","1M","T","2","S","4","S","b6","S","b2","S","2M","S","4m","S","4M","S","5","D","7","D","b7","D","3M","D","5m","D","5M","D","") & _xlfn.SWITCH(U50&"","1","T","3","T","6","T","b3","T","6M","T","1M","T","2","S","4","S","b6","S","b2","S","2M","S","4m","S","4M","S","5","D","7","D","b7","D","3M","D","5m","D","5M","D","") & _xlfn.SWITCH(V50&"","1","T","3","T","6","T","b3","T","6M","T","1M","T","2","S","4","S","b6","S","b2","S","2M","S","4m","S","4M","S","5","D","7","D","b7","D","3M","D","5m","D","5M","D","") & " " & _xlfn.SWITCH(W50&"","1","T","3","T","6","T","b3","T","6M","T","1M","T","2","S","4","S","b6","S","b2","S","2M","S","4m","S","4M","S","5","D","7","D","b7","D","3M","D","5m","D","5M","D","") & _xlfn.SWITCH(X50&"","1","T","3","T","6","T","b3","T","6M","T","1M","T","2","S","4","S","b6","S","b2","S","2M","S","4m","S","4M","S","5","D","7","D","b7","D","3M","D","5m","D","5M","D","") & _xlfn.SWITCH(Y50&"","1","T","3","T","6","T","b3","T","6M","T","1M","T","2","S","4","S","b6","S","b2","S","2M","S","4m","S","4M","S","5","D","7","D","b7","D","3M","D","5m","D","5M","D","") & _xlfn.SWITCH(Z50&"","1","T","3","T","6","T","b3","T","6M","T","1M","T","2","S","4","S","b6","S","b2","S","2M","S","4m","S","4M","S","5","D","7","D","b7","D","3M","D","5m","D","5M","D","")} | AA51: {=_xlfn.SWITCH(AA50&"","1","T","3","T","6","T","b3","T","6M","T","1M","T","2","S","4","S","b6","S","b2","S","2M","S","4m","S","4M","S","5","D","7","D","b7","D","3M","D","5m","D","5M","D","") & _xlfn.SWITCH(AB50&"","1","T","3","T","6","T","b3","T","6M","T","1M","T","2","S","4","S","b6","S","b2","S","2M","S","4m","S","4M","S","5","D","7","D","b7","D","3M","D","5m","D","5M","D","") & _xlfn.SWITCH(AC50&"","1","T","3","T","6","T","b3","T","6M","T","1M","T","2","S","4","S","b6","S","b2","S","2M","S","4m","S","4M","S","5","D","7","D","b7","D","3M","D","5m","D","5M","D","") & _xlfn.SWITCH(AD50&"","1","T","3","T","6","T","b3","T","6M","T","1M","T","2","S","4","S","b6","S","b2","S","2M","S","4m","S","4M","S","5","D","7","D","b7","D","3M","D","5m","D","5M","D","") & " " & _xlfn.SWITCH(AE50&"","1","T","3","T","6","T","b3","T","6M","T","1M","T","2","S","4","S","b6","S","b2","S","2M","S","4m","S","4M","S","5","D","7","D","b7","D","3M","D","5m","D","5M","D","") & _xlfn.SWITCH(AF50&"","1","T","3","T","6","T","b3","T","6M","T","1M","T","2","S","4","S","b6","S","b2","S","2M","S","4m","S","4M","S","5","D","7","D","b7","D","3M","D","5m","D","5M","D","") & _xlfn.SWITCH(AG50&"","1","T","3","T","6","T","b3","T","6M","T","1M","T","2","S","4","S","b6","S","b2","S","2M","S","4m","S","4M","S","5","D","7","D","b7","D","3M","D","5m","D","5M","D","") & _xlfn.SWITCH(AH50&"","1","T","3","T","6","T","b3","T","6M","T","1M","T","2","S","4","S","b6","S","b2","S","2M","S","4m","S","4M","S","5","D","7","D","b7","D","3M","D","5m","D","5M","D","")} | AI51: {=_xlfn.SWITCH(AI50&"","1","T","3","T","6","T","b3","T","6M","T","1M","T","2","S","4","S","b6","S","b2","S","2M","S","4m","S","4M","S","5","D","7","D","b7","D","3M","D","5m","D","5M","D","") & _xlfn.SWITCH(AJ50&"","1","T","3","T","6","T","b3","T","6M","T","1M","T","2","S","4","S","b6","S","b2","S","2M","S","4m","S","4M","S","5","D","7","D","b7","D","3M","D","5m","D","5M","D","") & _xlfn.SWITCH(AK50&"","1","T","3","T","6","T","b3","T","6M","T","1M","T","2","S","4","S","b6","S","b2","S","2M","S","4m","S","4M","S","5","D","7","D","b7","D","3M","D","5m","D","5M","D","") & _xlfn.SWITCH(AL50&"","1","T","3","T","6","T","b3","T","6M","T","1M","T","2","S","4","S","b6","S","b2","S","2M","S","4m","S","4M","S","5","D","7","D","b7","D","3M","D","5m","D","5M","D","") & " " & _xlfn.SWITCH(AM50&"","1","T","3","T","6","T","b3","T","6M","T","1M","T","2","S","4","S","b6","S","b2","S","2M","S","4m","S","4M","S","5","D","7","D","b7","D","3M","D","5m","D","5M","D","") & _xlfn.SWITCH(AN50&"","1","T","3","T","6","T","b3","T","6M","T","1M","T","2","S","4","S","b6","S","b2","S","2M","S","4m","S","4M","S","5","D","7","D","b7","D","3M","D","5m","D","5M","D","") & _xlfn.SWITCH(AO50&"","1","T","3","T","6","T","b3","T","6M","T","1M","T","2","S","4","S","b6","S","b2","S","2M","S","4m","S","4M","S","5","D","7","D","b7","D","3M","D","5m","D","5M","D","") & _xlfn.SWITCH(AP50&"","1","T","3","T","6","T","b3","T","6M","T","1M","T","2","S","4","S","b6","S","b2","S","2M","S","4m","S","4M","S","5","D","7","D","b7","D","3M","D","5m","D","5M","D","")}
C52: intro | K52: verse | S52: pre-chorus | AA52: chorus | AI52: bridge
C54: =IFERROR(INDEX($B$1:$Q$1, MATCH(C53, INDEX($B$2:$Q$13, MATCH($B53, $A$2:$A$13, 0), 0), 0)), IFERROR(INDEX($S$1:$AC$1, MATCH(C53, INDEX($S$2:$AC$13, MATCH($B53, $R$2:$R$13, 0), 0), 0)), "")) | D54: =IFERROR(INDEX($B$1:$Q$1, MATCH(D53, INDEX($B$2:$Q$13, MATCH($B53, $A$2:$A$13, 0), 0), 0)), IFERROR(INDEX($S$1:$AC$1, MATCH(D53, INDEX($S$2:$AC$13, MATCH($B53, $R$2:$R$13, 0), 0), 0)), "")) | E54: =IFERROR(INDEX($B$1:$Q$1, MATCH(E53, INDEX($B$2:$Q$13, MATCH($B53, $A$2:$A$13, 0), 0), 0)), IFERROR(INDEX($S$1:$AC$1, MATCH(E53, INDEX($S$2:$AC$13, MATCH($B53, $R$2:$R$13, 0), 0), 0)), "")) | F54: =IFERROR(INDEX($B$1:$Q$1, MATCH(F53, INDEX($B$2:$Q$13, MATCH($B53, $A$2:$A$13, 0), 0), 0)), IFERROR(INDEX($S$1:$AC$1, MATCH(F53, INDEX($S$2:$AC$13, MATCH($B53, $R$2:$R$13, 0), 0), 0)), "")) | G54: =IFERROR(INDEX($B$1:$Q$1, MATCH(G53, INDEX($B$2:$Q$13, MATCH($B53, $A$2:$A$13, 0), 0), 0)), IFERROR(INDEX($S$1:$AC$1, MATCH(G53, INDEX($S$2:$AC$13, MATCH($B53, $R$2:$R$13, 0), 0), 0)), "")) | H54: =IFERROR(INDEX($B$1:$Q$1, MATCH(H53, INDEX($B$2:$Q$13, MATCH($B53, $A$2:$A$13, 0), 0), 0)), IFERROR(INDEX($S$1:$AC$1, MATCH(H53, INDEX($S$2:$AC$13, MATCH($B53, $R$2:$R$13, 0), 0), 0)), "")) | I54: =IFERROR(INDEX($B$1:$Q$1, MATCH(I53, INDEX($B$2:$Q$13, MATCH($B53, $A$2:$A$13, 0), 0), 0)), IFERROR(INDEX($S$1:$AC$1, MATCH(I53, INDEX($S$2:$AC$13, MATCH($B53, $R$2:$R$13, 0), 0), 0)), "")) | J54: =IFERROR(INDEX($B$1:$Q$1, MATCH(J53, INDEX($B$2:$Q$13, MATCH($B53, $A$2:$A$13, 0), 0), 0)), IFERROR(INDEX($S$1:$AC$1, MATCH(J53, INDEX($S$2:$AC$13, MATCH($B53, $R$2:$R$13, 0), 0), 0)), "")) | ... AP54: =IFERROR(INDEX($B$1:$Q$1, MATCH(AP53, INDEX($B$2:$Q$13, MATCH($B53, $A$2:$A$13, 0), 0), 0)), IFERROR(INDEX($S$1:$AC$1, MATCH(AP53, INDEX($S$2:$AC$13, MATCH($B53, $R$2:$R$13, 0), 0), 0)), ""))
C55: {=_xlfn.SWITCH(C54&"","1","T","3","T","6","T","b3","T","6M","T","1M","T","2","S","4","S","b6","S","b2","S","2M","S","4m","S","4M","S","5","D","7","D","b7","D","3M","D","5m","D","5M","D","") & _xlfn.SWITCH(D54&"","1","T","3","T","6","T","b3","T","6M","T","1M","T","2","S","4","S","b6","S","b2","S","2M","S","4m","S","4M","S","5","D","7","D","b7","D","3M","D","5m","D","5M","D","") & _xlfn.SWITCH(E54&"","1","T","3","T","6","T","b3","T","6M","T","1M","T","2","S","4","S","b6","S","b2","S","2M","S","4m","S","4M","S","5","D","7","D","b7","D","3M","D","5m","D","5M","D","") & _xlfn.SWITCH(F54&"","1","T","3","T","6","T","b3","T","6M","T","1M","T","2","S","4","S","b6","S","b2","S","2M","S","4m","S","4M","S","5","D","7","D","b7","D","3M","D","5m","D","5M","D","") & " " & _xlfn.SWITCH(G54&"","1","T","3","T","6","T","b3","T","6M","T","1M","T","2","S","4","S","b6","S","b2","S","2M","S","4m","S","4M","S","5","D","7","D","b7","D","3M","D","5m","D","5M","D","") & _xlfn.SWITCH(H54&"","1","T","3","T","6","T","b3","T","6M","T","1M","T","2","S","4","S","b6","S","b2","S","2M","S","4m","S","4M","S","5","D","7","D","b7","D","3M","D","5m","D","5M","D","") & _xlfn.SWITCH(I54&"","1","T","3","T","6","T","b3","T","6M","T","1M","T","2","S","4","S","b6","S","b2","S","2M","S","4m","S","4M","S","5","D","7","D","b7","D","3M","D","5m","D","5M","D","") & _xlfn.SWITCH(J54&"","1","T","3","T","6","T","b3","T","6M","T","1M","T","2","S","4","S","b6","S","b2","S","2M","S","4m","S","4M","S","5","D","7","D","b7","D","3M","D","5m","D","5M","D","")} | K55: {=_xlfn.SWITCH(K54&"","1","T","3","T","6","T","b3","T","6M","T","1M","T","2","S","4","S","b6","S","b2","S","2M","S","4m","S","4M","S","5","D","7","D","b7","D","3M","D","5m","D","5M","D","") & _xlfn.SWITCH(L54&"","1","T","3","T","6","T","b3","T","6M","T","1M","T","2","S","4","S","b6","S","b2","S","2M","S","4m","S","4M","S","5","D","7","D","b7","D","3M","D","5m","D","5M","D","") & _xlfn.SWITCH(M54&"","1","T","3","T","6","T","b3","T","6M","T","1M","T","2","S","4","S","b6","S","b2","S","2M","S","4m","S","4M","S","5","D","7","D","b7","D","3M","D","5m","D","5M","D","") & _xlfn.SWITCH(N54&"","1","T","3","T","6","T","b3","T","6M","T","1M","T","2","S","4","S","b6","S","b2","S","2M","S","4m","S","4M","S","5","D","7","D","b7","D","3M","D","5m","D","5M","D","") & " " & _xlfn.SWITCH(O54&"","1","T","3","T","6","T","b3","T","6M","T","1M","T","2","S","4","S","b6","S","b2","S","2M","S","4m","S","4M","S","5","D","7","D","b7","D","3M","D","5m","D","5M","D","") & _xlfn.SWITCH(P54&"","1","T","3","T","6","T","b3","T","6M","T","1M","T","2","S","4","S","b6","S","b2","S","2M","S","4m","S","4M","S","5","D","7","D","b7","D","3M","D","5m","D","5M","D","") & _xlfn.SWITCH(Q54&"","1","T","3","T","6","T","b3","T","6M","T","1M","T","2","S","4","S","b6","S","b2","S","2M","S","4m","S","4M","S","5","D","7","D","b7","D","3M","D","5m","D","5M","D","") & _xlfn.SWITCH(R54&"","1","T","3","T","6","T","b3","T","6M","T","1M","T","2","S","4","S","b6","S","b2","S","2M","S","4m","S","4M","S","5","D","7","D","b7","D","3M","D","5m","D","5M","D","")} | S55: {=_xlfn.SWITCH(S54&"","1","T","3","T","6","T","b3","T","6M","T","1M","T","2","S","4","S","b6","S","b2","S","2M","S","4m","S","4M","S","5","D","7","D","b7","D","3M","D","5m","D","5M","D","") & _xlfn.SWITCH(T54&"","1","T","3","T","6","T","b3","T","6M","T","1M","T","2","S","4","S","b6","S","b2","S","2M","S","4m","S","4M","S","5","D","7","D","b7","D","3M","D","5m","D","5M","D","") & _xlfn.SWITCH(U54&"","1","T","3","T","6","T","b3","T","6M","T","1M","T","2","S","4","S","b6","S","b2","S","2M","S","4m","S","4M","S","5","D","7","D","b7","D","3M","D","5m","D","5M","D","") & _xlfn.SWITCH(V54&"","1","T","3","T","6","T","b3","T","6M","T","1M","T","2","S","4","S","b6","S","b2","S","2M","S","4m","S","4M","S","5","D","7","D","b7","D","3M","D","5m","D","5M","D","") & " " & _xlfn.SWITCH(W54&"","1","T","3","T","6","T","b3","T","6M","T","1M","T","2","S","4","S","b6","S","b2","S","2M","S","4m","S","4M","S","5","D","7","D","b7","D","3M","D","5m","D","5M","D","") & _xlfn.SWITCH(X54&"","1","T","3","T","6","T","b3","T","6M","T","1M","T","2","S","4","S","b6","S","b2","S","2M","S","4m","S","4M","S","5","D","7","D","b7","D","3M","D","5m","D","5M","D","") & _xlfn.SWITCH(Y54&"","1","T","3","T","6","T","b3","T","6M","T","1M","T","2","S","4","S","b6","S","b2","S","2M","S","4m","S","4M","S","5","D","7","D","b7","D","3M","D","5m","D","5M","D","") & _xlfn.SWITCH(Z54&"","1","T","3","T","6","T","b3","T","6M","T","1M","T","2","S","4","S","b6","S","b2","S","2M","S","4m","S","4M","S","5","D","7","D","b7","D","3M","D","5m","D","5M","D","")} | AA55: {=_xlfn.SWITCH(AA54&"","1","T","3","T","6","T","b3","T","6M","T","1M","T","2","S","4","S","b6","S","b2","S","2M","S","4m","S","4M","S","5","D","7","D","b7","D","3M","D","5m","D","5M","D","") & _xlfn.SWITCH(AB54&"","1","T","3","T","6","T","b3","T","6M","T","1M","T","2","S","4","S","b6","S","b2","S","2M","S","4m","S","4M","S","5","D","7","D","b7","D","3M","D","5m","D","5M","D","") & _xlfn.SWITCH(AC54&"","1","T","3","T","6","T","b3","T","6M","T","1M","T","2","S","4","S","b6","S","b2","S","2M","S","4m","S","4M","S","5","D","7","D","b7","D","3M","D","5m","D","5M","D","") & _xlfn.SWITCH(AD54&"","1","T","3","T","6","T","b3","T","6M","T","1M","T","2","S","4","S","b6","S","b2","S","2M","S","4m","S","4M","S","5","D","7","D","b7","D","3M","D","5m","D","5M","D","") & " " & _xlfn.SWITCH(AE54&"","1","T","3","T","6","T","b3","T","6M","T","1M","T","2","S","4","S","b6","S","b2","S","2M","S","4m","S","4M","S","5","D","7","D","b7","D","3M","D","5m","D","5M","D","") & _xlfn.SWITCH(AF54&"","1","T","3","T","6","T","b3","T","6M","T","1M","T","2","S","4","S","b6","S","b2","S","2M","S","4m","S","4M","S","5","D","7","D","b7","D","3M","D","5m","D","5M","D","") & _xlfn.SWITCH(AG54&"","1","T","3","T","6","T","b3","T","6M","T","1M","T","2","S","4","S","b6","S","b2","S","2M","S","4m","S","4M","S","5","D","7","D","b7","D","3M","D","5m","D","5M","D","") & _xlfn.SWITCH(AH54&"","1","T","3","T","6","T","b3","T","6M","T","1M","T","2","S","4","S","b6","S","b2","S","2M","S","4m","S","4M","S","5","D","7","D","b7","D","3M","D","5m","D","5M","D","")} | AI55: {=_xlfn.SWITCH(AI54&"","1","T","3","T","6","T","b3","T","6M","T","1M","T","2","S","4","S","b6","S","b2","S","2M","S","4m","S","4M","S","5","D","7","D","b7","D","3M","D","5m","D","5M","D","") & _xlfn.SWITCH(AJ54&"","1","T","3","T","6","T","b3","T","6M","T","1M","T","2","S","4","S","b6","S","b2","S","2M","S","4m","S","4M","S","5","D","7","D","b7","D","3M","D","5m","D","5M","D","") & _xlfn.SWITCH(AK54&"","1","T","3","T","6","T","b3","T","6M","T","1M","T","2","S","4","S","b6","S","b2","S","2M","S","4m","S","4M","S","5","D","7","D","b7","D","3M","D","5m","D","5M","D","") & _xlfn.SWITCH(AL54&"","1","T","3","T","6","T","b3","T","6M","T","1M","T","2","S","4","S","b6","S","b2","S","2M","S","4m","S","4M","S","5","D","7","D","b7","D","3M","D","5m","D","5M","D","") & " " & _xlfn.SWITCH(AM54&"","1","T","3","T","6","T","b3","T","6M","T","1M","T","2","S","4","S","b6","S","b2","S","2M","S","4m","S","4M","S","5","D","7","D","b7","D","3M","D","5m","D","5M","D","") & _xlfn.SWITCH(AN54&"","1","T","3","T","6","T","b3","T","6M","T","1M","T","2","S","4","S","b6","S","b2","S","2M","S","4m","S","4M","S","5","D","7","D","b7","D","3M","D","5m","D","5M","D","") & _xlfn.SWITCH(AO54&"","1","T","3","T","6","T","b3","T","6M","T","1M","T","2","S","4","S","b6","S","b2","S","2M","S","4m","S","4M","S","5","D","7","D","b7","D","3M","D","5m","D","5M","D","") & _xlfn.SWITCH(AP54&"","1","T","3","T","6","T","b3","T","6M","T","1M","T","2","S","4","S","b6","S","b2","S","2M","S","4m","S","4M","S","5","D","7","D","b7","D","3M","D","5m","D","5M","D","")}
C56: intro | K56: verse | S56: pre-chorus | AA56: chorus | AI56: bridge
C58: =IFERROR(INDEX($B$1:$Q$1, MATCH(C57, INDEX($B$2:$Q$13, MATCH($B57, $A$2:$A$13, 0), 0), 0)), IFERROR(INDEX($S$1:$AC$1, MATCH(C57, INDEX($S$2:$AC$13, MATCH($B57, $R$2:$R$13, 0), 0), 0)), "")) | D58: =IFERROR(INDEX($B$1:$Q$1, MATCH(D57, INDEX($B$2:$Q$13, MATCH($B57, $A$2:$A$13, 0), 0), 0)), IFERROR(INDEX($S$1:$AC$1, MATCH(D57, INDEX($S$2:$AC$13, MATCH($B57, $R$2:$R$13, 0), 0), 0)), "")) | E58: =IFERROR(INDEX($B$1:$Q$1, MATCH(E57, INDEX($B$2:$Q$13, MATCH($B57, $A$2:$A$13, 0), 0), 0)), IFERROR(INDEX($S$1:$AC$1, MATCH(E57, INDEX($S$2:$AC$13, MATCH($B57, $R$2:$R$13, 0), 0), 0)), "")) | F58: =IFERROR(INDEX($B$1:$Q$1, MATCH(F57, INDEX($B$2:$Q$13, MATCH($B57, $A$2:$A$13, 0), 0), 0)), IFERROR(INDEX($S$1:$AC$1, MATCH(F57, INDEX($S$2:$AC$13, MATCH($B57, $R$2:$R$13, 0), 0), 0)), "")) | G58: =IFERROR(INDEX($B$1:$Q$1, MATCH(G57, INDEX($B$2:$Q$13, MATCH($B57, $A$2:$A$13, 0), 0), 0)), IFERROR(INDEX($S$1:$AC$1, MATCH(G57, INDEX($S$2:$AC$13, MATCH($B57, $R$2:$R$13, 0), 0), 0)), "")) | H58: =IFERROR(INDEX($B$1:$Q$1, MATCH(H57, INDEX($B$2:$Q$13, MATCH($B57, $A$2:$A$13, 0), 0), 0)), IFERROR(INDEX($S$1:$AC$1, MATCH(H57, INDEX($S$2:$AC$13, MATCH($B57, $R$2:$R$13, 0), 0), 0)), "")) | I58: =IFERROR(INDEX($B$1:$Q$1, MATCH(I57, INDEX($B$2:$Q$13, MATCH($B57, $A$2:$A$13, 0), 0), 0)), IFERROR(INDEX($S$1:$AC$1, MATCH(I57, INDEX($S$2:$AC$13, MATCH($B57, $R$2:$R$13, 0), 0), 0)), "")) | J58: =IFERROR(INDEX($B$1:$Q$1, MATCH(J57, INDEX($B$2:$Q$13, MATCH($B57, $A$2:$A$13, 0), 0), 0)), IFERROR(INDEX($S$1:$AC$1, MATCH(J57, INDEX($S$2:$AC$13, MATCH($B57, $R$2:$R$13, 0), 0), 0)), "")) | ... AP58: =IFERROR(INDEX($B$1:$Q$1, MATCH(AP57, INDEX($B$2:$Q$13, MATCH($B57, $A$2:$A$13, 0), 0), 0)), IFERROR(INDEX($S$1:$AC$1, MATCH(AP57, INDEX($S$2:$AC$13, MATCH($B57, $R$2:$R$13, 0), 0), 0)), ""))
C59: {=_xlfn.SWITCH(C58&"","1","T","3","T","6","T","b3","T","6M","T","1M","T","2","S","4","S","b6","S","b2","S","2M","S","4m","S","4M","S","5","D","7","D","b7","D","3M","D","5m","D","5M","D","") & _xlfn.SWITCH(D58&"","1","T","3","T","6","T","b3","T","6M","T","1M","T","2","S","4","S","b6","S","b2","S","2M","S","4m","S","4M","S","5","D","7","D","b7","D","3M","D","5m","D","5M","D","") & _xlfn.SWITCH(E58&"","1","T","3","T","6","T","b3","T","6M","T","1M","T","2","S","4","S","b6","S","b2","S","2M","S","4m","S","4M","S","5","D","7","D","b7","D","3M","D","5m","D","5M","D","") & _xlfn.SWITCH(F58&"","1","T","3","T","6","T","b3","T","6M","T","1M","T","2","S","4","S","b6","S","b2","S","2M","S","4m","S","4M","S","5","D","7","D","b7","D","3M","D","5m","D","5M","D","") & " " & _xlfn.SWITCH(G58&"","1","T","3","T","6","T","b3","T","6M","T","1M","T","2","S","4","S","b6","S","b2","S","2M","S","4m","S","4M","S","5","D","7","D","b7","D","3M","D","5m","D","5M","D","") & _xlfn.SWITCH(H58&"","1","T","3","T","6","T","b3","T","6M","T","1M","T","2","S","4","S","b6","S","b2","S","2M","S","4m","S","4M","S","5","D","7","D","b7","D","3M","D","5m","D","5M","D","") & _xlfn.SWITCH(I58&"","1","T","3","T","6","T","b3","T","6M","T","1M","T","2","S","4","S","b6","S","b2","S","2M","S","4m","S","4M","S","5","D","7","D","b7","D","3M","D","5m","D","5M","D","") & _xlfn.SWITCH(J58&"","1","T","3","T","6","T","b3","T","6M","T","1M","T","2","S","4","S","b6","S","b2","S","2M","S","4m","S","4M","S","5","D","7","D","b7","D","3M","D","5m","D","5M","D","")} | K59: {=_xlfn.SWITCH(K58&"","1","T","3","T","6","T","b3","T","6M","T","1M","T","2","S","4","S","b6","S","b2","S","2M","S","4m","S","4M","S","5","D","7","D","b7","D","3M","D","5m","D","5M","D","") & _xlfn.SWITCH(L58&"","1","T","3","T","6","T","b3","T","6M","T","1M","T","2","S","4","S","b6","S","b2","S","2M","S","4m","S","4M","S","5","D","7","D","b7","D","3M","D","5m","D","5M","D","") & _xlfn.SWITCH(M58&"","1","T","3","T","6","T","b3","T","6M","T","1M","T","2","S","4","S","b6","S","b2","S","2M","S","4m","S","4M","S","5","D","7","D","b7","D","3M","D","5m","D","5M","D","") & _xlfn.SWITCH(N58&"","1","T","3","T","6","T","b3","T","6M","T","1M","T","2","S","4","S","b6","S","b2","S","2M","S","4m","S","4M","S","5","D","7","D","b7","D","3M","D","5m","D","5M","D","") & " " & _xlfn.SWITCH(O58&"","1","T","3","T","6","T","b3","T","6M","T","1M","T","2","S","4","S","b6","S","b2","S","2M","S","4m","S","4M","S","5","D","7","D","b7","D","3M","D","5m","D","5M","D","") & _xlfn.SWITCH(P58&"","1","T","3","T","6","T","b3","T","6M","T","1M","T","2","S","4","S","b6","S","b2","S","2M","S","4m","S","4M","S","5","D","7","D","b7","D","3M","D","5m","D","5M","D","") & _xlfn.SWITCH(Q58&"","1","T","3","T","6","T","b3","T","6M","T","1M","T","2","S","4","S","b6","S","b2","S","2M","S","4m","S","4M","S","5","D","7","D","b7","D","3M","D","5m","D","5M","D","") & _xlfn.SWITCH(R58&"","1","T","3","T","6","T","b3","T","6M","T","1M","T","2","S","4","S","b6","S","b2","S","2M","S","4m","S","4M","S","5","D","7","D","b7","D","3M","D","5m","D","5M","D","")} | S59: {=_xlfn.SWITCH(S58&"","1","T","3","T","6","T","b3","T","6M","T","1M","T","2","S","4","S","b6","S","b2","S","2M","S","4m","S","4M","S","5","D","7","D","b7","D","3M","D","5m","D","5M","D","") & _xlfn.SWITCH(T58&"","1","T","3","T","6","T","b3","T","6M","T","1M","T","2","S","4","S","b6","S","b2","S","2M","S","4m","S","4M","S","5","D","7","D","b7","D","3M","D","5m","D","5M","D","") & _xlfn.SWITCH(U58&"","1","T","3","T","6","T","b3","T","6M","T","1M","T","2","S","4","S","b6","S","b2","S","2M","S","4m","S","4M","S","5","D","7","D","b7","D","3M","D","5m","D","5M","D","") & _xlfn.SWITCH(V58&"","1","T","3","T","6","T","b3","T","6M","T","1M","T","2","S","4","S","b6","S","b2","S","2M","S","4m","S","4M","S","5","D","7","D","b7","D","3M","D","5m","D","5M","D","") & " " & _xlfn.SWITCH(W58&"","1","T","3","T","6","T","b3","T","6M","T","1M","T","2","S","4","S","b6","S","b2","S","2M","S","4m","S","4M","S","5","D","7","D","b7","D","3M","D","5m","D","5M","D","") & _xlfn.SWITCH(X58&"","1","T","3","T","6","T","b3","T","6M","T","1M","T","2","S","4","S","b6","S","b2","S","2M","S","4m","S","4M","S","5","D","7","D","b7","D","3M","D","5m","D","5M","D","") & _xlfn.SWITCH(Y58&"","1","T","3","T","6","T","b3","T","6M","T","1M","T","2","S","4","S","b6","S","b2","S","2M","S","4m","S","4M","S","5","D","7","D","b7","D","3M","D","5m","D","5M","D","") & _xlfn.SWITCH(Z58&"","1","T","3","T","6","T","b3","T","6M","T","1M","T","2","S","4","S","b6","S","b2","S","2M","S","4m","S","4M","S","5","D","7","D","b7","D","3M","D","5m","D","5M","D","")} | AA59: {=_xlfn.SWITCH(AA58&"","1","T","3","T","6","T","b3","T","6M","T","1M","T","2","S","4","S","b6","S","b2","S","2M","S","4m","S","4M","S","5","D","7","D","b7","D","3M","D","5m","D","5M","D","") & _xlfn.SWITCH(AB58&"","1","T","3","T","6","T","b3","T","6M","T","1M","T","2","S","4","S","b6","S","b2","S","2M","S","4m","S","4M","S","5","D","7","D","b7","D","3M","D","5m","D","5M","D","") & _xlfn.SWITCH(AC58&"","1","T","3","T","6","T","b3","T","6M","T","1M","T","2","S","4","S","b6","S","b2","S","2M","S","4m","S","4M","S","5","D","7","D","b7","D","3M","D","5m","D","5M","D","") & _xlfn.SWITCH(AD58&"","1","T","3","T","6","T","b3","T","6M","T","1M","T","2","S","4","S","b6","S","b2","S","2M","S","4m","S","4M","S","5","D","7","D","b7","D","3M","D","5m","D","5M","D","") & " " & _xlfn.SWITCH(AE58&"","1","T","3","T","6","T","b3","T","6M","T","1M","T","2","S","4","S","b6","S","b2","S","2M","S","4m","S","4M","S","5","D","7","D","b7","D","3M","D","5m","D","5M","D","") & _xlfn.SWITCH(AF58&"","1","T","3","T","6","T","b3","T","6M","T","1M","T","2","S","4","S","b6","S","b2","S","2M","S","4m","S","4M","S","5","D","7","D","b7","D","3M","D","5m","D","5M","D","") & _xlfn.SWITCH(AG58&"","1","T","3","T","6","T","b3","T","6M","T","1M","T","2","S","4","S","b6","S","b2","S","2M","S","4m","S","4M","S","5","D","7","D","b7","D","3M","D","5m","D","5M","D","") & _xlfn.SWITCH(AH58&"","1","T","3","T","6","T","b3","T","6M","T","1M","T","2","S","4","S","b6","S","b2","S","2M","S","4m","S","4M","S","5","D","7","D","b7","D","3M","D","5m","D","5M","D","")} | AI59: {=_xlfn.SWITCH(AI58&"","1","T","3","T","6","T","b3","T","6M","T","1M","T","2","S","4","S","b6","S","b2","S","2M","S","4m","S","4M","S","5","D","7","D","b7","D","3M","D","5m","D","5M","D","") & _xlfn.SWITCH(AJ58&"","1","T","3","T","6","T","b3","T","6M","T","1M","T","2","S","4","S","b6","S","b2","S","2M","S","4m","S","4M","S","5","D","7","D","b7","D","3M","D","5m","D","5M","D","") & _xlfn.SWITCH(AK58&"","1","T","3","T","6","T","b3","T","6M","T","1M","T","2","S","4","S","b6","S","b2","S","2M","S","4m","S","4M","S","5","D","7","D","b7","D","3M","D","5m","D","5M","D","") & _xlfn.SWITCH(AL58&"","1","T","3","T","6","T","b3","T","6M","T","1M","T","2","S","4","S","b6","S","b2","S","2M","S","4m","S","4M","S","5","D","7","D","b7","D","3M","D","5m","D","5M","D","") & " " & _xlfn.SWITCH(AM58&"","1","T","3","T","6","T","b3","T","6M","T","1M","T","2","S","4","S","b6","S","b2","S","2M","S","4m","S","4M","S","5","D","7","D","b7","D","3M","D","5m","D","5M","D","") & _xlfn.SWITCH(AN58&"","1","T","3","T","6","T","b3","T","6M","T","1M","T","2","S","4","S","b6","S","b2","S","2M","S","4m","S","4M","S","5","D","7","D","b7","D","3M","D","5m","D","5M","D","") & _xlfn.SWITCH(AO58&"","1","T","3","T","6","T","b3","T","6M","T","1M","T","2","S","4","S","b6","S","b2","S","2M","S","4m","S","4M","S","5","D","7","D","b7","D","3M","D","5m","D","5M","D","") & _xlfn.SWITCH(AP58&"","1","T","3","T","6","T","b3","T","6M","T","1M","T","2","S","4","S","b6","S","b2","S","2M","S","4m","S","4M","S","5","D","7","D","b7","D","3M","D","5m","D","5M","D","")}
A60: f(x) | B60: 첫 사랑니 (3:17) | C60: intro | K60: verse | S60: pre-chorus | AA60: chorus | AI60: bridge | AQ60: chorus3
B61: Bm | C61: Bm | D61: Bm | E61: Bm | F61: Bm | K61: Bm | L61: Bm | M61: Bm | N61: Bm | O61: Bm | P61: Bm | Q61: Bm | R61: Bm | S61: Bm | T61: B | U61: E | V61: D | W61: Bm | X61: B | Y61: E | Z61: D | AA61: Bm | AB61: Bm | AC61: Bm | AD61: Bm | AE61: Bm | AF61: Bm | AG61: Bm | AH61: Bm | AI61: Bm | AJ61: Bm | AK61: Bm | AL61: Bm | AM61: Bm | AN61: Bm | AO61: Bm | AP61: Bm | AQ61: Bm | AR61: Bm | AS61: Bm | AT61: Bm | AU61: Bm | AV61: Bm | AW61: Bm | AX61: Bm
B62: 120 | C62: =IFERROR(INDEX($B$1:$Q$1, MATCH(C61, INDEX($B$2:$Q$13, MATCH($B61, $A$2:$A$13, 0), 0), 0)), IFERROR(INDEX($S$1:$AC$1, MATCH(C61, INDEX($S$2:$AC$13, MATCH($B61, $R$2:$R$13, 0), 0), 0)), "")) -> 1 | D62: =IFERROR(INDEX($B$1:$Q$1, MATCH(D61, INDEX($B$2:$Q$13, MATCH($B61, $A$2:$A$13, 0), 0), 0)), IFERROR(INDEX($S$1:$AC$1, MATCH(D61, INDEX($S$2:$AC$13, MATCH($B61, $R$2:$R$13, 0), 0), 0)), "")) -> 1 | E62: =IFERROR(INDEX($B$1:$Q$1, MATCH(E61, INDEX($B$2:$Q$13, MATCH($B61, $A$2:$A$13, 0), 0), 0)), IFERROR(INDEX($S$1:$AC$1, MATCH(E61, INDEX($S$2:$AC$13, MATCH($B61, $R$2:$R$13, 0), 0), 0)), "")) -> 1 | F62: =IFERROR(INDEX($B$1:$Q$1, MATCH(F61, INDEX($B$2:$Q$13, MATCH($B61, $A$2:$A$13, 0), 0), 0)), IFERROR(INDEX($S$1:$AC$1, MATCH(F61, INDEX($S$2:$AC$13, MATCH($B61, $R$2:$R$13, 0), 0), 0)), "")) -> 1 | G62: =IFERROR(INDEX($B$1:$Q$1, MATCH(G61, INDEX($B$2:$Q$13, MATCH($B61, $A$2:$A$13, 0), 0), 0)), IFERROR(INDEX($S$1:$AC$1, MATCH(G61, INDEX($S$2:$AC$13, MATCH($B61, $R$2:$R$13, 0), 0), 0)), "")) | H62: =IFERROR(INDEX($B$1:$Q$1, MATCH(H61, INDEX($B$2:$Q$13, MATCH($B61, $A$2:$A$13, 0), 0), 0)), IFERROR(INDEX($S$1:$AC$1, MATCH(H61, INDEX($S$2:$AC$13, MATCH($B61, $R$2:$R$13, 0), 0), 0)), "")) | I62: =IFERROR(INDEX($B$1:$Q$1, MATCH(I61, INDEX($B$2:$Q$13, MATCH($B61, $A$2:$A$13, 0), 0), 0)), IFERROR(INDEX($S$1:$AC$1, MATCH(I61, INDEX($S$2:$AC$13, MATCH($B61, $R$2:$R$13, 0), 0), 0)), "")) | J62: =IFERROR(INDEX($B$1:$Q$1, MATCH(J61, INDEX($B$2:$Q$13, MATCH($B61, $A$2:$A$13, 0), 0), 0)), IFERROR(INDEX($S$1:$AC$1, MATCH(J61, INDEX($S$2:$AC$13, MATCH($B61, $R$2:$R$13, 0), 0), 0)), "")) | ... AX62: =IFERROR(INDEX($B$1:$Q$1, MATCH(AX61, INDEX($B$2:$Q$13, MATCH($B61, $A$2:$A$13, 0), 0), 0)), IFERROR(INDEX($S$1:$AC$1, MATCH(AX61, INDEX($S$2:$AC$13, MATCH($B61, $R$2:$R$13, 0), 0), 0)), "")) -> 1
B63: 2013.07.29 | C63: {=_xlfn.SWITCH(C62&"","1","T","3","T","6","T","b3","T","6M","T","1M","T","2","S","4","S","b6","S","b2","S","2M","S","4m","S","4M","S","5","D","7","D","b7","D","3M","D","5m","D","5M","D","") & _xlfn.SWITCH(D62&"","1","T","3","T","6","T","b3","T","6M","T","1M","T","2","S","4","S","b6","S","b2","S","2M","S","4m","S","4M","S","5","D","7","D","b7","D","3M","D","5m","D","5M","D","") & _xlfn.SWITCH(E62&"","1","T","3","T","6","T","b3","T","6M","T","1M","T","2","S","4","S","b6","S","b2","S","2M","S","4m","S","4M","S","5","D","7","D","b7","D","3M","D","5m","D","5M","D","") & _xlfn.SWITCH(F62&"","1","T","3","T","6","T","b3","T","6M","T","1M","T","2","S","4","S","b6","S","b2","S","2M","S","4m","S","4M","S","5","D","7","D","b7","D","3M","D","5m","D","5M","D","") & " " & _xlfn.SWITCH(G62&"","1","T","3","T","6","T","b3","T","6M","T","1M","T","2","S","4","S","b6","S","b2","S","2M","S","4m","S","4M","S","5","D","7","D","b7","D","3M","D","5m","D","5M","D","") & _xlfn.SWITCH(H62&"","1","T","3","T","6","T","b3","T","6M","T","1M","T","2","S","4","S","b6","S","b2","S","2M","S","4m","S","4M","S","5","D","7","D","b7","D","3M","D","5m","D","5M","D","") & _xlfn.SWITCH(I62&"","1","T","3","T","6","T","b3","T","6M","T","1M","T","2","S","4","S","b6","S","b2","S","2M","S","4m","S","4M","S","5","D","7","D","b7","D","3M","D","5m","D","5M","D","") & _xlfn.SWITCH(J62&"","1","T","3","T","6","T","b3","T","6M","T","1M","T","2","S","4","S","b6","S","b2","S","2M","S","4m","S","4M","S","5","D","7","D","b7","D","3M","D","5m","D","5M","D","")} -> TTTT | K63: {=_xlfn.SWITCH(K62&"","1","T","3","T","6","T","b3","T","6M","T","1M","T","2","S","4","S","b6","S","b2","S","2M","S","4m","S","4M","S","5","D","7","D","b7","D","3M","D","5m","D","5M","D","") & _xlfn.SWITCH(L62&"","1","T","3","T","6","T","b3","T","6M","T","1M","T","2","S","4","S","b6","S","b2","S","2M","S","4m","S","4M","S","5","D","7","D","b7","D","3M","D","5m","D","5M","D","") & _xlfn.SWITCH(M62&"","1","T","3","T","6","T","b3","T","6M","T","1M","T","2","S","4","S","b6","S","b2","S","2M","S","4m","S","4M","S","5","D","7","D","b7","D","3M","D","5m","D","5M","D","") & _xlfn.SWITCH(N62&"","1","T","3","T","6","T","b3","T","6M","T","1M","T","2","S","4","S","b6","S","b2","S","2M","S","4m","S","4M","S","5","D","7","D","b7","D","3M","D","5m","D","5M","D","") & " " & _xlfn.SWITCH(O62&"","1","T","3","T","6","T","b3","T","6M","T","1M","T","2","S","4","S","b6","S","b2","S","2M","S","4m","S","4M","S","5","D","7","D","b7","D","3M","D","5m","D","5M","D","") & _xlfn.SWITCH(P62&"","1","T","3","T","6","T","b3","T","6M","T","1M","T","2","S","4","S","b6","S","b2","S","2M","S","4m","S","4M","S","5","D","7","D","b7","D","3M","D","5m","D","5M","D","") & _xlfn.SWITCH(Q62&"","1","T","3","T","6","T","b3","T","6M","T","1M","T","2","S","4","S","b6","S","b2","S","2M","S","4m","S","4M","S","5","D","7","D","b7","D","3M","D","5m","D","5M","D","") & _xlfn.SWITCH(R62&"","1","T","3","T","6","T","b3","T","6M","T","1M","T","2","S","4","S","b6","S","b2","S","2M","S","4m","S","4M","S","5","D","7","D","b7","D","3M","D","5m","D","5M","D","")} -> TTTT TTTT | S63: {=_xlfn.SWITCH(S62&"","1","T","3","T","6","T","b3","T","6M","T","1M","T","2","S","4","S","b6","S","b2","S","2M","S","4m","S","4M","S","5","D","7","D","b7","D","3M","D","5m","D","5M","D","") & _xlfn.SWITCH(T62&"","1","T","3","T","6","T","b3","T","6M","T","1M","T","2","S","4","S","b6","S","b2","S","2M","S","4m","S","4M","S","5","D","7","D","b7","D","3M","D","5m","D","5M","D","") & _xlfn.SWITCH(U62&"","1","T","3","T","6","T","b3","T","6M","T","1M","T","2","S","4","S","b6","S","b2","S","2M","S","4m","S","4M","S","5","D","7","D","b7","D","3M","D","5m","D","5M","D","") & _xlfn.SWITCH(V62&"","1","T","3","T","6","T","b3","T","6M","T","1M","T","2","S","4","S","b6","S","b2","S","2M","S","4m","S","4M","S","5","D","7","D","b7","D","3M","D","5m","D","5M","D","") & " " & _xlfn.SWITCH(W62&"","1","T","3","T","6","T","b3","T","6M","T","1M","T","2","S","4","S","b6","S","b2","S","2M","S","4m","S","4M","S","5","D","7","D","b7","D","3M","D","5m","D","5M","D","") & _xlfn.SWITCH(X62&"","1","T","3","T","6","T","b3","T","6M","T","1M","T","2","S","4","S","b6","S","b2","S","2M","S","4m","S","4M","S","5","D","7","D","b7","D","3M","D","5m","D","5M","D","") & _xlfn.SWITCH(Y62&"","1","T","3","T","6","T","b3","T","6M","T","1M","T","2","S","4","S","b6","S","b2","S","2M","S","4m","S","4M","S","5","D","7","D","b7","D","3M","D","5m","D","5M","D","") & _xlfn.SWITCH(Z62&"","1","T","3","T","6","T","b3","T","6M","T","1M","T","2","S","4","S","b6","S","b2","S","2M","S","4m","S","4M","S","5","D","7","D","b7","D","3M","D","5m","D","5M","D","")} -> TTST TTST | AA63: {=_xlfn.SWITCH(AA62&"","1","T","3","T","6","T","b3","T","6M","T","1M","T","2","S","4","S","b6","S","b2","S","2M","S","4m","S","4M","S","5","D","7","D","b7","D","3M","D","5m","D","5M","D","") & _xlfn.SWITCH(AB62&"","1","T","3","T","6","T","b3","T","6M","T","1M","T","2","S","4","S","b6","S","b2","S","2M","S","4m","S","4M","S","5","D","7","D","b7","D","3M","D","5m","D","5M","D","") & _xlfn.SWITCH(AC62&"","1","T","3","T","6","T","b3","T","6M","T","1M","T","2","S","4","S","b6","S","b2","S","2M","S","4m","S","4M","S","5","D","7","D","b7","D","3M","D","5m","D","5M","D","") & _xlfn.SWITCH(AD62&"","1","T","3","T","6","T","b3","T","6M","T","1M","T","2","S","4","S","b6","S","b2","S","2M","S","4m","S","4M","S","5","D","7","D","b7","D","3M","D","5m","D","5M","D","") & " " & _xlfn.SWITCH(AE62&"","1","T","3","T","6","T","b3","T","6M","T","1M","T","2","S","4","S","b6","S","b2","S","2M","S","4m","S","4M","S","5","D","7","D","b7","D","3M","D","5m","D","5M","D","") & _xlfn.SWITCH(AF62&"","1","T","3","T","6","T","b3","T","6M","T","1M","T","2","S","4","S","b6","S","b2","S","2M","S","4m","S","4M","S","5","D","7","D","b7","D","3M","D","5m","D","5M","D","") & _xlfn.SWITCH(AG62&"","1","T","3","T","6","T","b3","T","6M","T","1M","T","2","S","4","S","b6","S","b2","S","2M","S","4m","S","4M","S","5","D","7","D","b7","D","3M","D","5m","D","5M","D","") & _xlfn.SWITCH(AH62&"","1","T","3","T","6","T","b3","T","6M","T","1M","T","2","S","4","S","b6","S","b2","S","2M","S","4m","S","4M","S","5","D","7","D","b7","D","3M","D","5m","D","5M","D","")} -> TTTT TTTT | AI63: {=_xlfn.SWITCH(AI62&"","1","T","3","T","6","T","b3","T","6M","T","1M","T","2","S","4","S","b6","S","b2","S","2M","S","4m","S","4M","S","5","D","7","D","b7","D","3M","D","5m","D","5M","D","") & _xlfn.SWITCH(AJ62&"","1","T","3","T","6","T","b3","T","6M","T","1M","T","2","S","4","S","b6","S","b2","S","2M","S","4m","S","4M","S","5","D","7","D","b7","D","3M","D","5m","D","5M","D","") & _xlfn.SWITCH(AK62&"","1","T","3","T","6","T","b3","T","6M","T","1M","T","2","S","4","S","b6","S","b2","S","2M","S","4m","S","4M","S","5","D","7","D","b7","D","3M","D","5m","D","5M","D","") & _xlfn.SWITCH(AL62&"","1","T","3","T","6","T","b3","T","6M","T","1M","T","2","S","4","S","b6","S","b2","S","2M","S","4m","S","4M","S","5","D","7","D","b7","D","3M","D","5m","D","5M","D","") & " " & _xlfn.SWITCH(AM62&"","1","T","3","T","6","T","b3","T","6M","T","1M","T","2","S","4","S","b6","S","b2","S","2M","S","4m","S","4M","S","5","D","7","D","b7","D","3M","D","5m","D","5M","D","") & _xlfn.SWITCH(AN62&"","1","T","3","T","6","T","b3","T","6M","T","1M","T","2","S","4","S","b6","S","b2","S","2M","S","4m","S","4M","S","5","D","7","D","b7","D","3M","D","5m","D","5M","D","") & _xlfn.SWITCH(AO62&"","1","T","3","T","6","T","b3","T","6M","T","1M","T","2","S","4","S","b6","S","b2","S","2M","S","4m","S","4M","S","5","D","7","D","b7","D","3M","D","5m","D","5M","D","") & _xlfn.SWITCH(AP62&"","1","T","3","T","6","T","b3","T","6M","T","1M","T","2","S","4","S","b6","S","b2","S","2M","S","4m","S","4M","S","5","D","7","D","b7","D","3M","D","5m","D","5M","D","")} -> TTTT TTTT | AQ63: {=_xlfn.SWITCH(AQ62&"","1","T","3","T","6","T","b3","T","6M","T","1M","T","2","S","4","S","b6","S","b2","S","2M","S","4m","S","4M","S","5","D","7","D","b7","D","3M","D","5m","D","5M","D","") & _xlfn.SWITCH(AR62&"","1","T","3","T","6","T","b3","T","6M","T","1M","T","2","S","4","S","b6","S","b2","S","2M","S","4m","S","4M","S","5","D","7","D","b7","D","3M","D","5m","D","5M","D","") & _xlfn.SWITCH(AS62&"","1","T","3","T","6","T","b3","T","6M","T","1M","T","2","S","4","S","b6","S","b2","S","2M","S","4m","S","4M","S","5","D","7","D","b7","D","3M","D","5m","D","5M","D","") & _xlfn.SWITCH(AT62&"","1","T","3","T","6","T","b3","T","6M","T","1M","T","2","S","4","S","b6","S","b2","S","2M","S","4m","S","4M","S","5","D","7","D","b7","D","3M","D","5m","D","5M","D","") & " " & _xlfn.SWITCH(AU62&"","1","T","3","T","6","T","b3","T","6M","T","1M","T","2","S","4","S","b6","S","b2","S","2M","S","4m","S","4M","S","5","D","7","D","b7","D","3M","D","5m","D","5M","D","") & _xlfn.SWITCH(AV62&"","1","T","3","T","6","T","b3","T","6M","T","1M","T","2","S","4","S","b6","S","b2","S","2M","S","4m","S","4M","S","5","D","7","D","b7","D","3M","D","5m","D","5M","D","") & _xlfn.SWITCH(AW62&"","1","T","3","T","6","T","b3","T","6M","T","1M","T","2","S","4","S","b6","S","b2","S","2M","S","4m","S","4M","S","5","D","7","D","b7","D","3M","D","5m","D","5M","D","") & _xlfn.SWITCH(AX62&"","1","T","3","T","6","T","b3","T","6M","T","1M","T","2","S","4","S","b6","S","b2","S","2M","S","4m","S","4M","S","5","D","7","D","b7","D","3M","D","5m","D","5M","D","")} -> TTTT TTTT
B64: 4 Walls (3:27) | C64: intro | K64: verse | S64: pre-chorus | AA64: chorus | AI64: dance-brake | AQ64: bridge | AY64: pre-chorus3 | BG64: chorus3 | BO64: outro
B65: Em | C65: C | D65: C | E65: B | F65: D | G65: C | H65: C | I65: B | J65: D | K65: C | L65: C | M65: B | N65: D | O65: C | P65: C | Q65: B | R65: D | S65: C | T65: Bm | U65: Am | V65: Bm | W65: C | X65: Bm | Y65: Am | Z65: D | AA65: Bm | AB65: Em | AC65: C | AD65: Em | AE65: Bm | AF65: Em | AG65: C | AH65: Em | AI65: Em | AJ65: Em | AK65: Em | AL65: Em | AM65: Em | AN65: Em | AO65: Em | AP65: Em | AQ65: E | AR65: E | AS65: A | AT65: F#m | AU65: G | AV65: G | AW65: C | AX65: C | AY65: C | AZ65: Bm | BA65: Am | BB65: Bm | BC65: C | BD65: Bm | BE65: Am | BF65: D | BG65: Bm | BH65: Em | BI65: C | BJ65: Em | BK65: Bm | BL65: Em | BM65: C | BN65: Em | BO65: Bm | BP65: Em | BQ65: C | BR65: Em | BS65: Bm | BT65: Em | BU65: C | BV65: Em
B66: 126 | C66: =IFERROR(INDEX($B$1:$Q$1, MATCH(C65, INDEX($B$2:$Q$13, MATCH($B65, $A$2:$A$13, 0), 0), 0)), IFERROR(INDEX($S$1:$AC$1, MATCH(C65, INDEX($S$2:$AC$13, MATCH($B65, $R$2:$R$13, 0), 0), 0)), "")) -> 6 | D66: =IFERROR(INDEX($B$1:$Q$1, MATCH(D65, INDEX($B$2:$Q$13, MATCH($B65, $A$2:$A$13, 0), 0), 0)), IFERROR(INDEX($S$1:$AC$1, MATCH(D65, INDEX($S$2:$AC$13, MATCH($B65, $R$2:$R$13, 0), 0), 0)), "")) -> 6 | E66: =IFERROR(INDEX($B$1:$Q$1, MATCH(E65, INDEX($B$2:$Q$13, MATCH($B65, $A$2:$A$13, 0), 0), 0)), IFERROR(INDEX($S$1:$AC$1, MATCH(E65, INDEX($S$2:$AC$13, MATCH($B65, $R$2:$R$13, 0), 0), 0)), "")) -> 5M | F66: =IFERROR(INDEX($B$1:$Q$1, MATCH(F65, INDEX($B$2:$Q$13, MATCH($B65, $A$2:$A$13, 0), 0), 0)), IFERROR(INDEX($S$1:$AC$1, MATCH(F65, INDEX($S$2:$AC$13, MATCH($B65, $R$2:$R$13, 0), 0), 0)), "")) -> 7 | G66: =IFERROR(INDEX($B$1:$Q$1, MATCH(G65, INDEX($B$2:$Q$13, MATCH($B65, $A$2:$A$13, 0), 0), 0)), IFERROR(INDEX($S$1:$AC$1, MATCH(G65, INDEX($S$2:$AC$13, MATCH($B65, $R$2:$R$13, 0), 0), 0)), "")) -> 6 | H66: =IFERROR(INDEX($B$1:$Q$1, MATCH(H65, INDEX($B$2:$Q$13, MATCH($B65, $A$2:$A$13, 0), 0), 0)), IFERROR(INDEX($S$1:$AC$1, MATCH(H65, INDEX($S$2:$AC$13, MATCH($B65, $R$2:$R$13, 0), 0), 0)), "")) -> 6 | I66: =IFERROR(INDEX($B$1:$Q$1, MATCH(I65, INDEX($B$2:$Q$13, MATCH($B65, $A$2:$A$13, 0), 0), 0)), IFERROR(INDEX($S$1:$AC$1, MATCH(I65, INDEX($S$2:$AC$13, MATCH($B65, $R$2:$R$13, 0), 0), 0)), "")) -> 5M | J66: =IFERROR(INDEX($B$1:$Q$1, MATCH(J65, INDEX($B$2:$Q$13, MATCH($B65, $A$2:$A$13, 0), 0), 0)), IFERROR(INDEX($S$1:$AC$1, MATCH(J65, INDEX($S$2:$AC$13, MATCH($B65, $R$2:$R$13, 0), 0), 0)), "")) -> 7 | ... BV66: =IFERROR(INDEX($B$1:$Q$1, MATCH(BV65, INDEX($B$2:$Q$13, MATCH($B65, $A$2:$A$13, 0), 0), 0)), IFERROR(INDEX($S$1:$AC$1, MATCH(BV65, INDEX($S$2:$AC$13, MATCH($B65, $R$2:$R$13, 0), 0), 0)), "")) -> 1
B67: 2015.10.27 | C67: {=_xlfn.SWITCH(C66&"","1","T","3","T","6","T","b3","T","6M","T","1M","T","2","S","4","S","b6","S","b2","S","2M","S","4m","S","4M","S","5","D","7","D","b7","D","3M","D","5m","D","5M","D","") & _xlfn.SWITCH(D66&"","1","T","3","T","6","T","b3","T","6M","T","1M","T","2","S","4","S","b6","S","b2","S","2M","S","4m","S","4M","S","5","D","7","D","b7","D","3M","D","5m","D","5M","D","") & _xlfn.SWITCH(E66&"","1","T","3","T","6","T","b3","T","6M","T","1M","T","2","S","4","S","b6","S","b2","S","2M","S","4m","S","4M","S","5","D","7","D","b7","D","3M","D","5m","D","5M","D","") & _xlfn.SWITCH(F66&"","1","T","3","T","6","T","b3","T","6M","T","1M","T","2","S","4","S","b6","S","b2","S","2M","S","4m","S","4M","S","5","D","7","D","b7","D","3M","D","5m","D","5M","D","") & " " & _xlfn.SWITCH(G66&"","1","T","3","T","6","T","b3","T","6M","T","1M","T","2","S","4","S","b6","S","b2","S","2M","S","4m","S","4M","S","5","D","7","D","b7","D","3M","D","5m","D","5M","D","") & _xlfn.SWITCH(H66&"","1","T","3","T","6","T","b3","T","6M","T","1M","T","2","S","4","S","b6","S","b2","S","2M","S","4m","S","4M","S","5","D","7","D","b7","D","3M","D","5m","D","5M","D","") & _xlfn.SWITCH(I66&"","1","T","3","T","6","T","b3","T","6M","T","1M","T","2","S","4","S","b6","S","b2","S","2M","S","4m","S","4M","S","5","D","7","D","b7","D","3M","D","5m","D","5M","D","") & _xlfn.SWITCH(J66&"","1","T","3","T","6","T","b3","T","6M","T","1M","T","2","S","4","S","b6","S","b2","S","2M","S","4m","S","4M","S","5","D","7","D","b7","D","3M","D","5m","D","5M","D","")} -> TTDD TTDD | K67: {=_xlfn.SWITCH(K66&"","1","T","3","T","6","T","b3","T","6M","T","1M","T","2","S","4","S","b6","S","b2","S","2M","S","4m","S","4M","S","5","D","7","D","b7","D","3M","D","5m","D","5M","D","") & _xlfn.SWITCH(L66&"","1","T","3","T","6","T","b3","T","6M","T","1M","T","2","S","4","S","b6","S","b2","S","2M","S","4m","S","4M","S","5","D","7","D","b7","D","3M","D","5m","D","5M","D","") & _xlfn.SWITCH(M66&"","1","T","3","T","6","T","b3","T","6M","T","1M","T","2","S","4","S","b6","S","b2","S","2M","S","4m","S","4M","S","5","D","7","D","b7","D","3M","D","5m","D","5M","D","") & _xlfn.SWITCH(N66&"","1","T","3","T","6","T","b3","T","6M","T","1M","T","2","S","4","S","b6","S","b2","S","2M","S","4m","S","4M","S","5","D","7","D","b7","D","3M","D","5m","D","5M","D","") & " " & _xlfn.SWITCH(O66&"","1","T","3","T","6","T","b3","T","6M","T","1M","T","2","S","4","S","b6","S","b2","S","2M","S","4m","S","4M","S","5","D","7","D","b7","D","3M","D","5m","D","5M","D","") & _xlfn.SWITCH(P66&"","1","T","3","T","6","T","b3","T","6M","T","1M","T","2","S","4","S","b6","S","b2","S","2M","S","4m","S","4M","S","5","D","7","D","b7","D","3M","D","5m","D","5M","D","") & _xlfn.SWITCH(Q66&"","1","T","3","T","6","T","b3","T","6M","T","1M","T","2","S","4","S","b6","S","b2","S","2M","S","4m","S","4M","S","5","D","7","D","b7","D","3M","D","5m","D","5M","D","") & _xlfn.SWITCH(R66&"","1","T","3","T","6","T","b3","T","6M","T","1M","T","2","S","4","S","b6","S","b2","S","2M","S","4m","S","4M","S","5","D","7","D","b7","D","3M","D","5m","D","5M","D","")} -> TTDD TTDD | S67: {=_xlfn.SWITCH(S66&"","1","T","3","T","6","T","b3","T","6M","T","1M","T","2","S","4","S","b6","S","b2","S","2M","S","4m","S","4M","S","5","D","7","D","b7","D","3M","D","5m","D","5M","D","") & _xlfn.SWITCH(T66&"","1","T","3","T","6","T","b3","T","6M","T","1M","T","2","S","4","S","b6","S","b2","S","2M","S","4m","S","4M","S","5","D","7","D","b7","D","3M","D","5m","D","5M","D","") & _xlfn.SWITCH(U66&"","1","T","3","T","6","T","b3","T","6M","T","1M","T","2","S","4","S","b6","S","b2","S","2M","S","4m","S","4M","S","5","D","7","D","b7","D","3M","D","5m","D","5M","D","") & _xlfn.SWITCH(V66&"","1","T","3","T","6","T","b3","T","6M","T","1M","T","2","S","4","S","b6","S","b2","S","2M","S","4m","S","4M","S","5","D","7","D","b7","D","3M","D","5m","D","5M","D","") & " " & _xlfn.SWITCH(W66&"","1","T","3","T","6","T","b3","T","6M","T","1M","T","2","S","4","S","b6","S","b2","S","2M","S","4m","S","4M","S","5","D","7","D","b7","D","3M","D","5m","D","5M","D","") & _xlfn.SWITCH(X66&"","1","T","3","T","6","T","b3","T","6M","T","1M","T","2","S","4","S","b6","S","b2","S","2M","S","4m","S","4M","S","5","D","7","D","b7","D","3M","D","5m","D","5M","D","") & _xlfn.SWITCH(Y66&"","1","T","3","T","6","T","b3","T","6M","T","1M","T","2","S","4","S","b6","S","b2","S","2M","S","4m","S","4M","S","5","D","7","D","b7","D","3M","D","5m","D","5M","D","") & _xlfn.SWITCH(Z66&"","1","T","3","T","6","T","b3","T","6M","T","1M","T","2","S","4","S","b6","S","b2","S","2M","S","4m","S","4M","S","5","D","7","D","b7","D","3M","D","5m","D","5M","D","")} -> TDSD TDSD | AA67: {=_xlfn.SWITCH(AA66&"","1","T","3","T","6","T","b3","T","6M","T","1M","T","2","S","4","S","b6","S","b2","S","2M","S","4m","S","4M","S","5","D","7","D","b7","D","3M","D","5m","D","5M","D","") & _xlfn.SWITCH(AB66&"","1","T","3","T","6","T","b3","T","6M","T","1M","T","2","S","4","S","b6","S","b2","S","2M","S","4m","S","4M","S","5","D","7","D","b7","D","3M","D","5m","D","5M","D","") & _xlfn.SWITCH(AC66&"","1","T","3","T","6","T","b3","T","6M","T","1M","T","2","S","4","S","b6","S","b2","S","2M","S","4m","S","4M","S","5","D","7","D","b7","D","3M","D","5m","D","5M","D","") & _xlfn.SWITCH(AD66&"","1","T","3","T","6","T","b3","T","6M","T","1M","T","2","S","4","S","b6","S","b2","S","2M","S","4m","S","4M","S","5","D","7","D","b7","D","3M","D","5m","D","5M","D","") & " " & _xlfn.SWITCH(AE66&"","1","T","3","T","6","T","b3","T","6M","T","1M","T","2","S","4","S","b6","S","b2","S","2M","S","4m","S","4M","S","5","D","7","D","b7","D","3M","D","5m","D","5M","D","") & _xlfn.SWITCH(AF66&"","1","T","3","T","6","T","b3","T","6M","T","1M","T","2","S","4","S","b6","S","b2","S","2M","S","4m","S","4M","S","5","D","7","D","b7","D","3M","D","5m","D","5M","D","") & _xlfn.SWITCH(AG66&"","1","T","3","T","6","T","b3","T","6M","T","1M","T","2","S","4","S","b6","S","b2","S","2M","S","4m","S","4M","S","5","D","7","D","b7","D","3M","D","5m","D","5M","D","") & _xlfn.SWITCH(AH66&"","1","T","3","T","6","T","b3","T","6M","T","1M","T","2","S","4","S","b6","S","b2","S","2M","S","4m","S","4M","S","5","D","7","D","b7","D","3M","D","5m","D","5M","D","")} -> DTTT DTTT | AI67: {=_xlfn.SWITCH(AI66&"","1","T","3","T","6","T","b3","T","6M","T","1M","T","2","S","4","S","b6","S","b2","S","2M","S","4m","S","4M","S","5","D","7","D","b7","D","3M","D","5m","D","5M","D","") & _xlfn.SWITCH(AJ66&"","1","T","3","T","6","T","b3","T","6M","T","1M","T","2","S","4","S","b6","S","b2","S","2M","S","4m","S","4M","S","5","D","7","D","b7","D","3M","D","5m","D","5M","D","") & _xlfn.SWITCH(AK66&"","1","T","3","T","6","T","b3","T","6M","T","1M","T","2","S","4","S","b6","S","b2","S","2M","S","4m","S","4M","S","5","D","7","D","b7","D","3M","D","5m","D","5M","D","") & _xlfn.SWITCH(AL66&"","1","T","3","T","6","T","b3","T","6M","T","1M","T","2","S","4","S","b6","S","b2","S","2M","S","4m","S","4M","S","5","D","7","D","b7","D","3M","D","5m","D","5M","D","") & " " & _xlfn.SWITCH(AM66&"","1","T","3","T","6","T","b3","T","6M","T","1M","T","2","S","4","S","b6","S","b2","S","2M","S","4m","S","4M","S","5","D","7","D","b7","D","3M","D","5m","D","5M","D","") & _xlfn.SWITCH(AN66&"","1","T","3","T","6","T","b3","T","6M","T","1M","T","2","S","4","S","b6","S","b2","S","2M","S","4m","S","4M","S","5","D","7","D","b7","D","3M","D","5m","D","5M","D","") & _xlfn.SWITCH(AO66&"","1","T","3","T","6","T","b3","T","6M","T","1M","T","2","S","4","S","b6","S","b2","S","2M","S","4m","S","4M","S","5","D","7","D","b7","D","3M","D","5m","D","5M","D","") & _xlfn.SWITCH(AP66&"","1","T","3","T","6","T","b3","T","6M","T","1M","T","2","S","4","S","b6","S","b2","S","2M","S","4m","S","4M","S","5","D","7","D","b7","D","3M","D","5m","D","5M","D","")} -> TTTT TTTT | AQ67: {=_xlfn.SWITCH(AQ66&"","1","T","3","T","6","T","b3","T","6M","T","1M","T","2","S","4","S","b6","S","b2","S","2M","S","4m","S","4M","S","5","D","7","D","b7","D","3M","D","5m","D","5M","D","") & _xlfn.SWITCH(AR66&"","1","T","3","T","6","T","b3","T","6M","T","1M","T","2","S","4","S","b6","S","b2","S","2M","S","4m","S","4M","S","5","D","7","D","b7","D","3M","D","5m","D","5M","D","") & _xlfn.SWITCH(AS66&"","1","T","3","T","6","T","b3","T","6M","T","1M","T","2","S","4","S","b6","S","b2","S","2M","S","4m","S","4M","S","5","D","7","D","b7","D","3M","D","5m","D","5M","D","") & _xlfn.SWITCH(AT66&"","1","T","3","T","6","T","b3","T","6M","T","1M","T","2","S","4","S","b6","S","b2","S","2M","S","4m","S","4M","S","5","D","7","D","b7","D","3M","D","5m","D","5M","D","") & " " & _xlfn.SWITCH(AU66&"","1","T","3","T","6","T","b3","T","6M","T","1M","T","2","S","4","S","b6","S","b2","S","2M","S","4m","S","4M","S","5","D","7","D","b7","D","3M","D","5m","D","5M","D","") & _xlfn.SWITCH(AV66&"","1","T","3","T","6","T","b3","T","6M","T","1M","T","2","S","4","S","b6","S","b2","S","2M","S","4m","S","4M","S","5","D","7","D","b7","D","3M","D","5m","D","5M","D","") & _xlfn.SWITCH(AW66&"","1","T","3","T","6","T","b3","T","6M","T","1M","T","2","S","4","S","b6","S","b2","S","2M","S","4m","S","4M","S","5","D","7","D","b7","D","3M","D","5m","D","5M","D","") & _xlfn.SWITCH(AX66&"","1","T","3","T","6","T","b3","T","6M","T","1M","T","2","S","4","S","b6","S","b2","S","2M","S","4m","S","4M","S","5","D","7","D","b7","D","3M","D","5m","D","5M","D","")} -> TTS TTTT | AY67: {=_xlfn.SWITCH(AY66&"","1","T","3","T","6","T","b3","T","6M","T","1M","T","2","S","4","S","b6","S","b2","S","2M","S","4m","S","4M","S","5","D","7","D","b7","D","3M","D","5m","D","5M","D","") & _xlfn.SWITCH(AZ66&"","1","T","3","T","6","T","b3","T","6M","T","1M","T","2","S","4","S","b6","S","b2","S","2M","S","4m","S","4M","S","5","D","7","D","b7","D","3M","D","5m","D","5M","D","") & _xlfn.SWITCH(BA66&"","1","T","3","T","6","T","b3","T","6M","T","1M","T","2","S","4","S","b6","S","b2","S","2M","S","4m","S","4M","S","5","D","7","D","b7","D","3M","D","5m","D","5M","D","") & _xlfn.SWITCH(BB66&"","1","T","3","T","6","T","b3","T","6M","T","1M","T","2","S","4","S","b6","S","b2","S","2M","S","4m","S","4M","S","5","D","7","D","b7","D","3M","D","5m","D","5M","D","") & " " & _xlfn.SWITCH(BC66&"","1","T","3","T","6","T","b3","T","6M","T","1M","T","2","S","4","S","b6","S","b2","S","2M","S","4m","S","4M","S","5","D","7","D","b7","D","3M","D","5m","D","5M","D","") & _xlfn.SWITCH(BD66&"","1","T","3","T","6","T","b3","T","6M","T","1M","T","2","S","4","S","b6","S","b2","S","2M","S","4m","S","4M","S","5","D","7","D","b7","D","3M","D","5m","D","5M","D","") & _xlfn.SWITCH(BE66&"","1","T","3","T","6","T","b3","T","6M","T","1M","T","2","S","4","S","b6","S","b2","S","2M","S","4m","S","4M","S","5","D","7","D","b7","D","3M","D","5m","D","5M","D","") & _xlfn.SWITCH(BF66&"","1","T","3","T","6","T","b3","T","6M","T","1M","T","2","S","4","S","b6","S","b2","S","2M","S","4m","S","4M","S","5","D","7","D","b7","D","3M","D","5m","D","5M","D","")} -> TDSD TDSD | BG67: {=_xlfn.SWITCH(BG66&"","1","T","3","T","6","T","b3","T","6M","T","1M","T","2","S","4","S","b6","S","b2","S","2M","S","4m","S","4M","S","5","D","7","D","b7","D","3M","D","5m","D","5M","D","") & _xlfn.SWITCH(BH66&"","1","T","3","T","6","T","b3","T","6M","T","1M","T","2","S","4","S","b6","S","b2","S","2M","S","4m","S","4M","S","5","D","7","D","b7","D","3M","D","5m","D","5M","D","") & _xlfn.SWITCH(BI66&"","1","T","3","T","6","T","b3","T","6M","T","1M","T","2","S","4","S","b6","S","b2","S","2M","S","4m","S","4M","S","5","D","7","D","b7","D","3M","D","5m","D","5M","D","") & _xlfn.SWITCH(BJ66&"","1","T","3","T","6","T","b3","T","6M","T","1M","T","2","S","4","S","b6","S","b2","S","2M","S","4m","S","4M","S","5","D","7","D","b7","D","3M","D","5m","D","5M","D","") & " " & _xlfn.SWITCH(BK66&"","1","T","3","T","6","T","b3","T","6M","T","1M","T","2","S","4","S","b6","S","b2","S","2M","S","4m","S","4M","S","5","D","7","D","b7","D","3M","D","5m","D","5M","D","") & _xlfn.SWITCH(BL66&"","1","T","3","T","6","T","b3","T","6M","T","1M","T","2","S","4","S","b6","S","b2","S","2M","S","4m","S","4M","S","5","D","7","D","b7","D","3M","D","5m","D","5M","D","") & _xlfn.SWITCH(BM66&"","1","T","3","T","6","T","b3","T","6M","T","1M","T","2","S","4","S","b6","S","b2","S","2M","S","4m","S","4M","S","5","D","7","D","b7","D","3M","D","5m","D","5M","D","") & _xlfn.SWITCH(BN66&"","1","T","3","T","6","T","b3","T","6M","T","1M","T","2","S","4","S","b6","S","b2","S","2M","S","4m","S","4M","S","5","D","7","D","b7","D","3M","D","5m","D","5M","D","")} -> DTTT DTTT | BO67: {=_xlfn.SWITCH(BO66&"","1","T","3","T","6","T","b3","T","6M","T","1M","T","2","S","4","S","b6","S","b2","S","2M","S","4m","S","4M","S","5","D","7","D","b7","D","3M","D","5m","D","5M","D","") & _xlfn.SWITCH(BP66&"","1","T","3","T","6","T","b3","T","6M","T","1M","T","2","S","4","S","b6","S","b2","S","2M","S","4m","S","4M","S","5","D","7","D","b7","D","3M","D","5m","D","5M","D","") & _xlfn.SWITCH(BQ66&"","1","T","3","T","6","T","b3","T","6M","T","1M","T","2","S","4","S","b6","S","b2","S","2M","S","4m","S","4M","S","5","D","7","D","b7","D","3M","D","5m","D","5M","D","") & _xlfn.SWITCH(BR66&"","1","T","3","T","6","T","b3","T","6M","T","1M","T","2","S","4","S","b6","S","b2","S","2M","S","4m","S","4M","S","5","D","7","D","b7","D","3M","D","5m","D","5M","D","") & " " & _xlfn.SWITCH(BS66&"","1","T","3","T","6","T","b3","T","6M","T","1M","T","2","S","4","S","b6","S","b2","S","2M","S","4m","S","4M","S","5","D","7","D","b7","D","3M","D","5m","D","5M","D","") & _xlfn.SWITCH(BT66&"","1","T","3","T","6","T","b3","T","6M","T","1M","T","2","S","4","S","b6","S","b2","S","2M","S","4m","S","4M","S","5","D","7","D","b7","D","3M","D","5m","D","5M","D","") & _xlfn.SWITCH(BU66&"","1","T","3","T","6","T","b3","T","6M","T","1M","T","2","S","4","S","b6","S","b2","S","2M","S","4m","S","4M","S","5","D","7","D","b7","D","3M","D","5m","D","5M","D","") & _xlfn.SWITCH(BV66&"","1","T","3","T","6","T","b3","T","6M","T","1M","T","2","S","4","S","b6","S","b2","S","2M","S","4m","S","4M","S","5","D","7","D","b7","D","3M","D","5m","D","5M","D","")} -> DTTT DTTT
B68: All Mine (3:24) | C68: intro | K68: verse | S68: pre-chorus | AA68: chorus | AI68: post-chorus1 | AQ68: bridge | AY68: chorus3 (1키업) | BG68: post-chorus3 (1키업) | BO68: outro (1키업)
B69: B | C69: E | D69: F# | E69: G#m | F69: G#m | G69: E | H69: F# | I69: G#m | J69: G#m | K69: E | L69: F# | M69: G#m | N69: D#m | O69: E | P69: F# | Q69: G#m | R69: D#m | S69: E | T69: F# | U69: G#m | V69: D#m | W69: E | X69: F# | Y69: G#m | Z69: D#m | AA69: E | AB69: F# | AC69: G#m | AD69: D#m | AE69: E | AF69: F# | AG69: G#m | AH69: D#m | AI69: E | AJ69: F# | AK69: G#m | AL69: D#m | AM69: E | AN69: F# | AO69: D#m | AP69: E | AQ69: E | AR69: F# | AS69: G#m | AT69: D#m | AU69: E | AV69: F# | AW69: D#m | AX69: D#m | AY69: F | AZ69: G | BA69: Am | BB69: Em | BC69: F | BD69: G | BE69: Em | BF69: F | BG69: F | BH69: G | BI69: Am | BJ69: Em | BK69: F | BL69: G | BM69: C | BN69: F | BO69: F | BP69: G | BQ69: Am | BR69: Em | BS69: F | BT69: G | BU69: Em | BV69: F
B70: 128 | C70: =IFERROR(INDEX($B$1:$Q$1, MATCH(C69, INDEX($B$2:$Q$13, MATCH($B69, $A$2:$A$13, 0), 0), 0)), IFERROR(INDEX($S$1:$AC$1, MATCH(C69, INDEX($S$2:$AC$13, MATCH($B69, $R$2:$R$13, 0), 0), 0)), "")) -> 4 | D70: =IFERROR(INDEX($B$1:$Q$1, MATCH(D69, INDEX($B$2:$Q$13, MATCH($B69, $A$2:$A$13, 0), 0), 0)), IFERROR(INDEX($S$1:$AC$1, MATCH(D69, INDEX($S$2:$AC$13, MATCH($B69, $R$2:$R$13, 0), 0), 0)), "")) -> 5 | E70: =IFERROR(INDEX($B$1:$Q$1, MATCH(E69, INDEX($B$2:$Q$13, MATCH($B69, $A$2:$A$13, 0), 0), 0)), IFERROR(INDEX($S$1:$AC$1, MATCH(E69, INDEX($S$2:$AC$13, MATCH($B69, $R$2:$R$13, 0), 0), 0)), "")) -> 6 | F70: =IFERROR(INDEX($B$1:$Q$1, MATCH(F69, INDEX($B$2:$Q$13, MATCH($B69, $A$2:$A$13, 0), 0), 0)), IFERROR(INDEX($S$1:$AC$1, MATCH(F69, INDEX($S$2:$AC$13, MATCH($B69, $R$2:$R$13, 0), 0), 0)), "")) -> 6 | G70: =IFERROR(INDEX($B$1:$Q$1, MATCH(G69, INDEX($B$2:$Q$13, MATCH($B69, $A$2:$A$13, 0), 0), 0)), IFERROR(INDEX($S$1:$AC$1, MATCH(G69, INDEX($S$2:$AC$13, MATCH($B69, $R$2:$R$13, 0), 0), 0)), "")) -> 4 | H70: =IFERROR(INDEX($B$1:$Q$1, MATCH(H69, INDEX($B$2:$Q$13, MATCH($B69, $A$2:$A$13, 0), 0), 0)), IFERROR(INDEX($S$1:$AC$1, MATCH(H69, INDEX($S$2:$AC$13, MATCH($B69, $R$2:$R$13, 0), 0), 0)), "")) -> 5 | I70: =IFERROR(INDEX($B$1:$Q$1, MATCH(I69, INDEX($B$2:$Q$13, MATCH($B69, $A$2:$A$13, 0), 0), 0)), IFERROR(INDEX($S$1:$AC$1, MATCH(I69, INDEX($S$2:$AC$13, MATCH($B69, $R$2:$R$13, 0), 0), 0)), "")) -> 6 | J70: =IFERROR(INDEX($B$1:$Q$1, MATCH(J69, INDEX($B$2:$Q$13, MATCH($B69, $A$2:$A$13, 0), 0), 0)), IFERROR(INDEX($S$1:$AC$1, MATCH(J69, INDEX($S$2:$AC$13, MATCH($B69, $R$2:$R$13, 0), 0), 0)), "")) -> 6 | ... BV70: =IFERROR(INDEX($B$1:$Q$1, MATCH(BV69, INDEX($B$2:$Q$13, MATCH($B69, $A$2:$A$13, 0), 0), 0)), IFERROR(INDEX($S$1:$AC$1, MATCH(BV69, INDEX($S$2:$AC$13, MATCH($B69, $R$2:$R$13, 0), 0), 0)), ""))
B71: 2016.07.22 | C71: {=_xlfn.SWITCH(C70&"","1","T","3","T","6","T","b3","T","6M","T","1M","T","2","S","4","S","b6","S","b2","S","2M","S","4m","S","4M","S","5","D","7","D","b7","D","3M","D","5m","D","5M","D","") & _xlfn.SWITCH(D70&"","1","T","3","T","6","T","b3","T","6M","T","1M","T","2","S","4","S","b6","S","b2","S","2M","S","4m","S","4M","S","5","D","7","D","b7","D","3M","D","5m","D","5M","D","") & _xlfn.SWITCH(E70&"","1","T","3","T","6","T","b3","T","6M","T","1M","T","2","S","4","S","b6","S","b2","S","2M","S","4m","S","4M","S","5","D","7","D","b7","D","3M","D","5m","D","5M","D","") & _xlfn.SWITCH(F70&"","1","T","3","T","6","T","b3","T","6M","T","1M","T","2","S","4","S","b6","S","b2","S","2M","S","4m","S","4M","S","5","D","7","D","b7","D","3M","D","5m","D","5M","D","") & " " & _xlfn.SWITCH(G70&"","1","T","3","T","6","T","b3","T","6M","T","1M","T","2","S","4","S","b6","S","b2","S","2M","S","4m","S","4M","S","5","D","7","D","b7","D","3M","D","5m","D","5M","D","") & _xlfn.SWITCH(H70&"","1","T","3","T","6","T","b3","T","6M","T","1M","T","2","S","4","S","b6","S","b2","S","2M","S","4m","S","4M","S","5","D","7","D","b7","D","3M","D","5m","D","5M","D","") & _xlfn.SWITCH(I70&"","1","T","3","T","6","T","b3","T","6M","T","1M","T","2","S","4","S","b6","S","b2","S","2M","S","4m","S","4M","S","5","D","7","D","b7","D","3M","D","5m","D","5M","D","") & _xlfn.SWITCH(J70&"","1","T","3","T","6","T","b3","T","6M","T","1M","T","2","S","4","S","b6","S","b2","S","2M","S","4m","S","4M","S","5","D","7","D","b7","D","3M","D","5m","D","5M","D","")} -> SDTT SDTT | K71: {=_xlfn.SWITCH(K70&"","1","T","3","T","6","T","b3","T","6M","T","1M","T","2","S","4","S","b6","S","b2","S","2M","S","4m","S","4M","S","5","D","7","D","b7","D","3M","D","5m","D","5M","D","") & _xlfn.SWITCH(L70&"","1","T","3","T","6","T","b3","T","6M","T","1M","T","2","S","4","S","b6","S","b2","S","2M","S","4m","S","4M","S","5","D","7","D","b7","D","3M","D","5m","D","5M","D","") & _xlfn.SWITCH(M70&"","1","T","3","T","6","T","b3","T","6M","T","1M","T","2","S","4","S","b6","S","b2","S","2M","S","4m","S","4M","S","5","D","7","D","b7","D","3M","D","5m","D","5M","D","") & _xlfn.SWITCH(N70&"","1","T","3","T","6","T","b3","T","6M","T","1M","T","2","S","4","S","b6","S","b2","S","2M","S","4m","S","4M","S","5","D","7","D","b7","D","3M","D","5m","D","5M","D","") & " " & _xlfn.SWITCH(O70&"","1","T","3","T","6","T","b3","T","6M","T","1M","T","2","S","4","S","b6","S","b2","S","2M","S","4m","S","4M","S","5","D","7","D","b7","D","3M","D","5m","D","5M","D","") & _xlfn.SWITCH(P70&"","1","T","3","T","6","T","b3","T","6M","T","1M","T","2","S","4","S","b6","S","b2","S","2M","S","4m","S","4M","S","5","D","7","D","b7","D","3M","D","5m","D","5M","D","") & _xlfn.SWITCH(Q70&"","1","T","3","T","6","T","b3","T","6M","T","1M","T","2","S","4","S","b6","S","b2","S","2M","S","4m","S","4M","S","5","D","7","D","b7","D","3M","D","5m","D","5M","D","") & _xlfn.SWITCH(R70&"","1","T","3","T","6","T","b3","T","6M","T","1M","T","2","S","4","S","b6","S","b2","S","2M","S","4m","S","4M","S","5","D","7","D","b7","D","3M","D","5m","D","5M","D","")} -> SDTT SDTT | S71: {=_xlfn.SWITCH(S70&"","1","T","3","T","6","T","b3","T","6M","T","1M","T","2","S","4","S","b6","S","b2","S","2M","S","4m","S","4M","S","5","D","7","D","b7","D","3M","D","5m","D","5M","D","") & _xlfn.SWITCH(T70&"","1","T","3","T","6","T","b3","T","6M","T","1M","T","2","S","4","S","b6","S","b2","S","2M","S","4m","S","4M","S","5","D","7","D","b7","D","3M","D","5m","D","5M","D","") & _xlfn.SWITCH(U70&"","1","T","3","T","6","T","b3","T","6M","T","1M","T","2","S","4","S","b6","S","b2","S","2M","S","4m","S","4M","S","5","D","7","D","b7","D","3M","D","5m","D","5M","D","") & _xlfn.SWITCH(V70&"","1","T","3","T","6","T","b3","T","6M","T","1M","T","2","S","4","S","b6","S","b2","S","2M","S","4m","S","4M","S","5","D","7","D","b7","D","3M","D","5m","D","5M","D","") & " " & _xlfn.SWITCH(W70&"","1","T","3","T","6","T","b3","T","6M","T","1M","T","2","S","4","S","b6","S","b2","S","2M","S","4m","S","4M","S","5","D","7","D","b7","D","3M","D","5m","D","5M","D","") & _xlfn.SWITCH(X70&"","1","T","3","T","6","T","b3","T","6M","T","1M","T","2","S","4","S","b6","S","b2","S","2M","S","4m","S","4M","S","5","D","7","D","b7","D","3M","D","5m","D","5M","D","") & _xlfn.SWITCH(Y70&"","1","T","3","T","6","T","b3","T","6M","T","1M","T","2","S","4","S","b6","S","b2","S","2M","S","4m","S","4M","S","5","D","7","D","b7","D","3M","D","5m","D","5M","D","") & _xlfn.SWITCH(Z70&"","1","T","3","T","6","T","b3","T","6M","T","1M","T","2","S","4","S","b6","S","b2","S","2M","S","4m","S","4M","S","5","D","7","D","b7","D","3M","D","5m","D","5M","D","")} -> SDTT SDTT | AA71: {=_xlfn.SWITCH(AA70&"","1","T","3","T","6","T","b3","T","6M","T","1M","T","2","S","4","S","b6","S","b2","S","2M","S","4m","S","4M","S","5","D","7","D","b7","D","3M","D","5m","D","5M","D","") & _xlfn.SWITCH(AB70&"","1","T","3","T","6","T","b3","T","6M","T","1M","T","2","S","4","S","b6","S","b2","S","2M","S","4m","S","4M","S","5","D","7","D","b7","D","3M","D","5m","D","5M","D","") & _xlfn.SWITCH(AC70&"","1","T","3","T","6","T","b3","T","6M","T","1M","T","2","S","4","S","b6","S","b2","S","2M","S","4m","S","4M","S","5","D","7","D","b7","D","3M","D","5m","D","5M","D","") & _xlfn.SWITCH(AD70&"","1","T","3","T","6","T","b3","T","6M","T","1M","T","2","S","4","S","b6","S","b2","S","2M","S","4m","S","4M","S","5","D","7","D","b7","D","3M","D","5m","D","5M","D","") & " " & _xlfn.SWITCH(AE70&"","1","T","3","T","6","T","b3","T","6M","T","1M","T","2","S","4","S","b6","S","b2","S","2M","S","4m","S","4M","S","5","D","7","D","b7","D","3M","D","5m","D","5M","D","") & _xlfn.SWITCH(AF70&"","1","T","3","T","6","T","b3","T","6M","T","1M","T","2","S","4","S","b6","S","b2","S","2M","S","4m","S","4M","S","5","D","7","D","b7","D","3M","D","5m","D","5M","D","") & _xlfn.SWITCH(AG70&"","1","T","3","T","6","T","b3","T","6M","T","1M","T","2","S","4","S","b6","S","b2","S","2M","S","4m","S","4M","S","5","D","7","D","b7","D","3M","D","5m","D","5M","D","") & _xlfn.SWITCH(AH70&"","1","T","3","T","6","T","b3","T","6M","T","1M","T","2","S","4","S","b6","S","b2","S","2M","S","4m","S","4M","S","5","D","7","D","b7","D","3M","D","5m","D","5M","D","")} -> SDTT SDTT | AI71: {=_xlfn.SWITCH(AI70&"","1","T","3","T","6","T","b3","T","6M","T","1M","T","2","S","4","S","b6","S","b2","S","2M","S","4m","S","4M","S","5","D","7","D","b7","D","3M","D","5m","D","5M","D","") & _xlfn.SWITCH(AJ70&"","1","T","3","T","6","T","b3","T","6M","T","1M","T","2","S","4","S","b6","S","b2","S","2M","S","4m","S","4M","S","5","D","7","D","b7","D","3M","D","5m","D","5M","D","") & _xlfn.SWITCH(AK70&"","1","T","3","T","6","T","b3","T","6M","T","1M","T","2","S","4","S","b6","S","b2","S","2M","S","4m","S","4M","S","5","D","7","D","b7","D","3M","D","5m","D","5M","D","") & _xlfn.SWITCH(AL70&"","1","T","3","T","6","T","b3","T","6M","T","1M","T","2","S","4","S","b6","S","b2","S","2M","S","4m","S","4M","S","5","D","7","D","b7","D","3M","D","5m","D","5M","D","") & " " & _xlfn.SWITCH(AM70&"","1","T","3","T","6","T","b3","T","6M","T","1M","T","2","S","4","S","b6","S","b2","S","2M","S","4m","S","4M","S","5","D","7","D","b7","D","3M","D","5m","D","5M","D","") & _xlfn.SWITCH(AN70&"","1","T","3","T","6","T","b3","T","6M","T","1M","T","2","S","4","S","b6","S","b2","S","2M","S","4m","S","4M","S","5","D","7","D","b7","D","3M","D","5m","D","5M","D","") & _xlfn.SWITCH(AO70&"","1","T","3","T","6","T","b3","T","6M","T","1M","T","2","S","4","S","b6","S","b2","S","2M","S","4m","S","4M","S","5","D","7","D","b7","D","3M","D","5m","D","5M","D","") & _xlfn.SWITCH(AP70&"","1","T","3","T","6","T","b3","T","6M","T","1M","T","2","S","4","S","b6","S","b2","S","2M","S","4m","S","4M","S","5","D","7","D","b7","D","3M","D","5m","D","5M","D","")} -> SDTT SDTS | AQ71: {=_xlfn.SWITCH(AQ70&"","1","T","3","T","6","T","b3","T","6M","T","1M","T","2","S","4","S","b6","S","b2","S","2M","S","4m","S","4M","S","5","D","7","D","b7","D","3M","D","5m","D","5M","D","") & _xlfn.SWITCH(AR70&"","1","T","3","T","6","T","b3","T","6M","T","1M","T","2","S","4","S","b6","S","b2","S","2M","S","4m","S","4M","S","5","D","7","D","b7","D","3M","D","5m","D","5M","D","") & _xlfn.SWITCH(AS70&"","1","T","3","T","6","T","b3","T","6M","T","1M","T","2","S","4","S","b6","S","b2","S","2M","S","4m","S","4M","S","5","D","7","D","b7","D","3M","D","5m","D","5M","D","") & _xlfn.SWITCH(AT70&"","1","T","3","T","6","T","b3","T","6M","T","1M","T","2","S","4","S","b6","S","b2","S","2M","S","4m","S","4M","S","5","D","7","D","b7","D","3M","D","5m","D","5M","D","") & " " & _xlfn.SWITCH(AU70&"","1","T","3","T","6","T","b3","T","6M","T","1M","T","2","S","4","S","b6","S","b2","S","2M","S","4m","S","4M","S","5","D","7","D","b7","D","3M","D","5m","D","5M","D","") & _xlfn.SWITCH(AV70&"","1","T","3","T","6","T","b3","T","6M","T","1M","T","2","S","4","S","b6","S","b2","S","2M","S","4m","S","4M","S","5","D","7","D","b7","D","3M","D","5m","D","5M","D","") & _xlfn.SWITCH(AW70&"","1","T","3","T","6","T","b3","T","6M","T","1M","T","2","S","4","S","b6","S","b2","S","2M","S","4m","S","4M","S","5","D","7","D","b7","D","3M","D","5m","D","5M","D","") & _xlfn.SWITCH(AX70&"","1","T","3","T","6","T","b3","T","6M","T","1M","T","2","S","4","S","b6","S","b2","S","2M","S","4m","S","4M","S","5","D","7","D","b7","D","3M","D","5m","D","5M","D","")} -> SDTT SDTT | AY71: {=_xlfn.SWITCH(AY70&"","1","T","3","T","6","T","b3","T","6M","T","1M","T","2","S","4","S","b6","S","b2","S","2M","S","4m","S","4M","S","5","D","7","D","b7","D","3M","D","5m","D","5M","D","") & _xlfn.SWITCH(AZ70&"","1","T","3","T","6","T","b3","T","6M","T","1M","T","2","S","4","S","b6","S","b2","S","2M","S","4m","S","4M","S","5","D","7","D","b7","D","3M","D","5m","D","5M","D","") & _xlfn.SWITCH(BA70&"","1","T","3","T","6","T","b3","T","6M","T","1M","T","2","S","4","S","b6","S","b2","S","2M","S","4m","S","4M","S","5","D","7","D","b7","D","3M","D","5m","D","5M","D","") & _xlfn.SWITCH(BB70&"","1","T","3","T","6","T","b3","T","6M","T","1M","T","2","S","4","S","b6","S","b2","S","2M","S","4m","S","4M","S","5","D","7","D","b7","D","3M","D","5m","D","5M","D","") & " " & _xlfn.SWITCH(BC70&"","1","T","3","T","6","T","b3","T","6M","T","1M","T","2","S","4","S","b6","S","b2","S","2M","S","4m","S","4M","S","5","D","7","D","b7","D","3M","D","5m","D","5M","D","") & _xlfn.SWITCH(BD70&"","1","T","3","T","6","T","b3","T","6M","T","1M","T","2","S","4","S","b6","S","b2","S","2M","S","4m","S","4M","S","5","D","7","D","b7","D","3M","D","5m","D","5M","D","") & _xlfn.SWITCH(BE70&"","1","T","3","T","6","T","b3","T","6M","T","1M","T","2","S","4","S","b6","S","b2","S","2M","S","4m","S","4M","S","5","D","7","D","b7","D","3M","D","5m","D","5M","D","") & _xlfn.SWITCH(BF70&"","1","T","3","T","6","T","b3","T","6M","T","1M","T","2","S","4","S","b6","S","b2","S","2M","S","4m","S","4M","S","5","D","7","D","b7","D","3M","D","5m","D","5M","D","")} -> SS SS | BG71: {=_xlfn.SWITCH(BG70&"","1","T","3","T","6","T","b3","T","6M","T","1M","T","2","S","4","S","b6","S","b2","S","2M","S","4m","S","4M","S","5","D","7","D","b7","D","3M","D","5m","D","5M","D","") & _xlfn.SWITCH(BH70&"","1","T","3","T","6","T","b3","T","6M","T","1M","T","2","S","4","S","b6","S","b2","S","2M","S","4m","S","4M","S","5","D","7","D","b7","D","3M","D","5m","D","5M","D","") & _xlfn.SWITCH(BI70&"","1","T","3","T","6","T","b3","T","6M","T","1M","T","2","S","4","S","b6","S","b2","S","2M","S","4m","S","4M","S","5","D","7","D","b7","D","3M","D","5m","D","5M","D","") & _xlfn.SWITCH(BJ70&"","1","T","3","T","6","T","b3","T","6M","T","1M","T","2","S","4","S","b6","S","b2","S","2M","S","4m","S","4M","S","5","D","7","D","b7","D","3M","D","5m","D","5M","D","") & " " & _xlfn.SWITCH(BK70&"","1","T","3","T","6","T","b3","T","6M","T","1M","T","2","S","4","S","b6","S","b2","S","2M","S","4m","S","4M","S","5","D","7","D","b7","D","3M","D","5m","D","5M","D","") & _xlfn.SWITCH(BL70&"","1","T","3","T","6","T","b3","T","6M","T","1M","T","2","S","4","S","b6","S","b2","S","2M","S","4m","S","4M","S","5","D","7","D","b7","D","3M","D","5m","D","5M","D","") & _xlfn.SWITCH(BM70&"","1","T","3","T","6","T","b3","T","6M","T","1M","T","2","S","4","S","b6","S","b2","S","2M","S","4m","S","4M","S","5","D","7","D","b7","D","3M","D","5m","D","5M","D","") & _xlfn.SWITCH(BN70&"","1","T","3","T","6","T","b3","T","6M","T","1M","T","2","S","4","S","b6","S","b2","S","2M","S","4m","S","4M","S","5","D","7","D","b7","D","3M","D","5m","D","5M","D","")} -> SS S | BO71: {=_xlfn.SWITCH(BO70&"","1","T","3","T","6","T","b3","T","6M","T","1M","T","2","S","4","S","b6","S","b2","S","2M","S","4m","S","4M","S","5","D","7","D","b7","D","3M","D","5m","D","5M","D","") & _xlfn.SWITCH(BP70&"","1","T","3","T","6","T","b3","T","6M","T","1M","T","2","S","4","S","b6","S","b2","S","2M","S","4m","S","4M","S","5","D","7","D","b7","D","3M","D","5m","D","5M","D","") & _xlfn.SWITCH(BQ70&"","1","T","3","T","6","T","b3","T","6M","T","1M","T","2","S","4","S","b6","S","b2","S","2M","S","4m","S","4M","S","5","D","7","D","b7","D","3M","D","5m","D","5M","D","") & _xlfn.SWITCH(BR70&"","1","T","3","T","6","T","b3","T","6M","T","1M","T","2","S","4","S","b6","S","b2","S","2M","S","4m","S","4M","S","5","D","7","D","b7","D","3M","D","5m","D","5M","D","") & " " & _xlfn.SWITCH(BS70&"","1","T","3","T","6","T","b3","T","6M","T","1M","T","2","S","4","S","b6","S","b2","S","2M","S","4m","S","4M","S","5","D","7","D","b7","D","3M","D","5m","D","5M","D","") & _xlfn.SWITCH(BT70&"","1","T","3","T","6","T","b3","T","6M","T","1M","T","2","S","4","S","b6","S","b2","S","2M","S","4m","S","4M","S","5","D","7","D","b7","D","3M","D","5m","D","5M","D","") & _xlfn.SWITCH(BU70&"","1","T","3","T","6","T","b3","T","6M","T","1M","T","2","S","4","S","b6","S","b2","S","2M","S","4m","S","4M","S","5","D","7","D","b7","D","3M","D","5m","D","5M","D","") & _xlfn.SWITCH(BV70&"","1","T","3","T","6","T","b3","T","6M","T","1M","T","2","S","4","S","b6","S","b2","S","2M","S","4m","S","4M","S","5","D","7","D","b7","D","3M","D","5m","D","5M","D","")} -> SS SS
C72: intro | K72: verse | S72: pre-chorus | AA72: chorus | AI72: bridge
C74: =IFERROR(INDEX($B$1:$Q$1, MATCH(C73, INDEX($B$2:$Q$13, MATCH($B73, $A$2:$A$13, 0), 0), 0)), IFERROR(INDEX($S$1:$AC$1, MATCH(C73, INDEX($S$2:$AC$13, MATCH($B73, $R$2:$R$13, 0), 0), 0)), "")) | D74: =IFERROR(INDEX($B$1:$Q$1, MATCH(D73, INDEX($B$2:$Q$13, MATCH($B73, $A$2:$A$13, 0), 0), 0)), IFERROR(INDEX($S$1:$AC$1, MATCH(D73, INDEX($S$2:$AC$13, MATCH($B73, $R$2:$R$13, 0), 0), 0)), "")) | E74: =IFERROR(INDEX($B$1:$Q$1, MATCH(E73, INDEX($B$2:$Q$13, MATCH($B73, $A$2:$A$13, 0), 0), 0)), IFERROR(INDEX($S$1:$AC$1, MATCH(E73, INDEX($S$2:$AC$13, MATCH($B73, $R$2:$R$13, 0), 0), 0)), "")) | F74: =IFERROR(INDEX($B$1:$Q$1, MATCH(F73, INDEX($B$2:$Q$13, MATCH($B73, $A$2:$A$13, 0), 0), 0)), IFERROR(INDEX($S$1:$AC$1, MATCH(F73, INDEX($S$2:$AC$13, MATCH($B73, $R$2:$R$13, 0), 0), 0)), "")) | G74: =IFERROR(INDEX($B$1:$Q$1, MATCH(G73, INDEX($B$2:$Q$13, MATCH($B73, $A$2:$A$13, 0), 0), 0)), IFERROR(INDEX($S$1:$AC$1, MATCH(G73, INDEX($S$2:$AC$13, MATCH($B73, $R$2:$R$13, 0), 0), 0)), "")) | H74: =IFERROR(INDEX($B$1:$Q$1, MATCH(H73, INDEX($B$2:$Q$13, MATCH($B73, $A$2:$A$13, 0), 0), 0)), IFERROR(INDEX($S$1:$AC$1, MATCH(H73, INDEX($S$2:$AC$13, MATCH($B73, $R$2:$R$13, 0), 0), 0)), "")) | I74: =IFERROR(INDEX($B$1:$Q$1, MATCH(I73, INDEX($B$2:$Q$13, MATCH($B73, $A$2:$A$13, 0), 0), 0)), IFERROR(INDEX($S$1:$AC$1, MATCH(I73, INDEX($S$2:$AC$13, MATCH($B73, $R$2:$R$13, 0), 0), 0)), "")) | J74: =IFERROR(INDEX($B$1:$Q$1, MATCH(J73, INDEX($B$2:$Q$13, MATCH($B73, $A$2:$A$13, 0), 0), 0)), IFERROR(INDEX($S$1:$AC$1, MATCH(J73, INDEX($S$2:$AC$13, MATCH($B73, $R$2:$R$13, 0), 0), 0)), "")) | ... AP74: =IFERROR(INDEX($B$1:$Q$1, MATCH(AP73, INDEX($B$2:$Q$13, MATCH($B73, $A$2:$A$13, 0), 0), 0)), IFERROR(INDEX($S$1:$AC$1, MATCH(AP73, INDEX($S$2:$AC$13, MATCH($B73, $R$2:$R$13, 0), 0), 0)), ""))
